2.273733812782381,-2.622056623096264,1.0
-0.3340521991334171,-2.0345413146146374,1.0
2.4314545401075938,-0.3121477389042999,1.0
3.5858257308374517,3.5875525300679723,1.0
3.2759312762112325,2.955225360894948,1.0
3.9820716096614435,-2.2263722442772504,1.0
-0.213559147825924,-0.5483046855546929,0.0
-3.216331065292776,-2.2188452869945383,1.0
3.988908659311294,-3.7021647296915985,1.0
1.2198742817422383,-3.850794553567839,1.0
-0.18860621522027898,-1.9097895682611021,0.0
1.207871254913309,3.688961984293626,1.0
-3.537437604410017,-3.1716123732756927,1.0
-3.777155643363761,2.8797919542853476,1.0
-2.3971873248204583,2.415006817390437,1.0
2.9866096071043744,0.8929248632765301,1.0
-2.880739925876414,3.620940089827589,1.0
-3.4998864282336193,3.4252089536592862,1.0
3.7072033288151056,0.34943897922744505,1.0
-2.1629832239846145,-0.5859911419578578,1.0
2.0019471775631796,3.409361955973626,1.0
-0.20120164588251654,2.9565091676420456,1.0
-3.350223038720104,1.7130946070524233,1.0
3.6728590345418564,3.4120168379986167,1.0
2.339724222575998,-1.446549758782778,1.0
-2.3840791146728915,-2.210075205451064,1.0
-2.028318468570384,3.461290690875959,1.0
-2.489894007275046,-2.9035750997916345,1.0
3.677344713211177,1.7422661251920237,1.0
-2.2194340298527395,-0.2383919743432319,1.0
-3.3028295268330847,0.10970435979603099,1.0
3.4453523485049944,-3.7355297911056375,1.0
-3.849404569570945,-1.9527362756569246,1.0
-0.6544974467708915,0.37160922772202376,0.0
-0.6693610755935824,1.4118044648718175,0.0
1.8816648173777528,0.37405789211896767,0.0
-0.38926777960713643,2.8200210175798643,1.0
0.09726944180104358,3.3733603925411844,1.0
-0.2808478036507056,3.640289353384655,1.0
0.9720913578034347,3.2528540786015787,1.0
-3.8633459782863744,0.6000427137189321,1.0
2.645501122775901,3.594748728604422,1.0
-1.3083473238079888,2.024276508759155,1.0
-0.24985149858928857,-1.5683960621676816,0.0
-0.9589893550094652,-0.8455107594613605,0.0
-2.2008177906157425,-2.8395406799859124,1.0
-2.1397233120194903,-3.77956638303234,1.0
-0.037952262188564845,-3.190273222239586,1.0
1.0915972247395036,-2.3093468483160517,1.0
-1.6941929599295005,3.49442146305093,1.0
-2.9843129478158223,-3.2047445926086393,1.0
1.3923749608828446,0.8927144416522594,0.0
2.4808867155860677,-2.1987999462504435,1.0
-2.078703295286,-1.2818582494104032,1.0
2.452194701106743,0.3497968680414294,1.0
-2.4414743204306566,-0.17293445210816483,1.0
-2.828794027241866,2.1757989625460707,1.0
-0.15104527133989087,0.5258739942749999,0.0
0.3807238966027331,1.6312682704214314,0.0
2.543275049212359,3.1155484506394577,1.0
-0.8981313215293492,-3.9669337214911673,1.0
-2.4586702365231456,-1.0647175849883714,1.0
3.3500353386504917,-2.170947135620489,1.0
-2.971606115034402,-3.0085016711961243,1.0
1.0661233271137291,2.6033396839084517,1.0
-0.8527327779569536,3.1123594969833803,1.0
-1.4715370569414423,-3.2230636768646885,1.0
-2.1466481521671383,-1.4307584510524007,1.0
-0.31571121241757893,2.5951833944943443,1.0
3.4828149303728617,-3.2574401311673826,1.0
0.8508968076384589,3.235263082515379,1.0
2.522905295518756,-0.17023414708075624,1.0
-2.441500786164629,3.6976172256803475,1.0
0.22042651854103834,0.150358872031374,0.0
2.6564804771064168,0.27153447523639684,1.0
2.7232535905168644,-0.6339948711612964,1.0
3.241183954186808,0.2849914138868055,1.0
-1.999557272725589,0.4619523303985069,1.0
-3.980966651785656,3.299820312070512,1.0
3.940659822586759,0.7436299301923714,1.0
3.526786677865612,-1.8972317606830087,1.0
-2.0841172945074975,-2.2934606604899024,1.0
-2.7169464447005582,-2.8836944288283863,1.0
3.2375799054614722,0.5018396456047656,1.0
2.371197651337882,-0.46820345085871384,1.0
-3.9982790275376665,-1.8638401072673503,1.0
-1.8595426875340983,-3.093972856463071,1.0
-1.5596415856007635,2.235363668671541,1.0
3.3982599176357473,3.214970328902636,1.0
2.491782835807152,1.7980241257276948,1.0
1.298234102345167,-3.018405556854943,1.0
0.26368017943881394,3.777131960550469,1.0
0.6891565155739183,3.675434806989869,1.0
1.9000103694701318,2.942209558348303,1.0
3.7147121811494124,-1.0064063364785367,1.0
1.1992308041757633,-0.06461908808748618,0.0
0.816163460621941,2.5672883151055634,1.0
-2.503329982012416,-2.195445565849621,1.0
-3.442666970349139,2.6745458941411258,1.0
-1.4725384261508072,-2.868896346959894,1.0
2.921131755349288,-3.1911666719953944,1.0
-3.611018091694665,-3.4975110285912,1.0
1.346782991180845,-0.6179355141924132,0.0
1.6965844449316654,-3.642962839074184,1.0
-2.4246440631793487,0.8283501071714481,1.0
-0.09881664165794923,3.8182416122936154,1.0
3.615001002521196,1.0280689422770442,1.0
3.827403374764315,-2.1854125009474714,1.0
-3.842185585091256,-1.2654994663530577,1.0
-0.6197784263792956,-1.2552199219177682,0.0
3.722638351438353,-3.891856309437417,1.0
2.689470868132383,-1.6982135978768529,1.0
-2.171024264480385,3.382899765473905,1.0
-0.14175650923296867,-0.16166233460790913,0.0
2.904672555108945,1.702722018016586,1.0
-2.938800192334048,-1.5303746148041233,1.0
1.5731434296388755,2.0642262947935937,1.0
-0.20760584753738076,2.374280341130995,1.0
1.7295842177163765,0.46452697618924077,0.0
-2.0981792694972414,-1.6455592584396879,1.0
2.6079736396369357,0.10706941665578107,1.0
-2.1614570966592224,-2.9671994918806,1.0
1.0534463071388043,0.021561587572616503,0.0
2.5128268563759413,-3.5922409242736126,1.0
-0.5772156339756958,3.8613539523015685,1.0
3.632948413531624,1.121222932532321,1.0
-1.1827579926646266,2.5326413779992833,1.0
-2.003162914263452,-1.1941499966784885,1.0
0.9266537636326984,1.8353485488998924,1.0
-0.4928689199857823,-3.553603782651426,1.0
-1.9500237587069051,3.126815309797724,1.0
3.9075624806772318,0.04586095329041395,1.0
2.5014127445595893,3.2609247362289064,1.0
3.613324477539283,-3.3561015028348855,1.0
-3.0763614685165726,1.2609168262402886,1.0
-1.134310333079048,-2.862833291695188,1.0
0.7009049127459557,-3.21517168549033,1.0
-3.7055344231961875,2.188729644331337,1.0
-3.208841423752176,0.5759884649331779,1.0
2.54596834811639,-2.4247047376786384,1.0
-2.35197690492567,-1.0114053938410246,1.0
-0.7321285515884677,-3.5619017666401724,1.0
2.815656452512459,2.294876362795147,1.0
-2.7469943990304175,1.6146191175847813,1.0
-1.7726334252612554,-3.873203687190049,1.0
-0.3365055560148269,-3.1036017148398196,1.0
1.8463892016201653,2.0977386068492274,1.0
-1.4339083215874604,-1.1493274290722635,0.0
0.16009527496169174,-2.085403948934231,1.0
-3.987159757037955,1.334819929326141,1.0
3.1420418617385657,-3.188660874374019,1.0
3.0491447288203126,3.1719777615390274,1.0
-3.565547129684478,0.9976734272015761,1.0
-2.5682996124090325,1.0876450025132662,1.0
2.3012978073418466,-0.01429800062389397,1.0
-2.6992451755849327,-1.6841412421538449,1.0
2.1117233336757772,2.2983891081373464,1.0
-3.220485275603493,-2.706992849092538,1.0
0.3157705270554221,-2.4907243391318907,1.0
-3.729580428612885,-0.7511282843663389,1.0
2.1685229267787935,1.7586360998666626,1.0
-3.435303303541435,2.3909373410196135,1.0
-2.967324079986616,-3.8786589364219335,1.0
-2.654539427426889,-1.7036677886038119,1.0
0.34442487925634957,1.5626768215036941,0.0
2.4001513052101133,3.626687819989886,1.0
-1.7776120345936928,-2.969268623351514,1.0
2.7740021405382187,1.19480236349923,1.0
2.60615888335089,1.4841348403246348,1.0
-0.6881941360059063,-3.6007401866908104,1.0
-0.4586450417729955,0.1819117895971436,0.0
-1.4433926410157536,-3.3048145447503208,1.0
-2.3283340049501975,3.610255115954234,1.0
-3.09559981566903,-2.2268651742246526,1.0
-0.018114479418143148,-0.8506850642942325,0.0
0.8570618846583509,1.723490015956476,0.0
-1.587782950369192,-0.5356501477716931,0.0
-3.880453660271918,-1.5697308052275316,1.0
-3.77817483913402,-2.9844399671156223,1.0
-3.2486913857144835,-1.7379525553661637,1.0
3.088806886444911,-3.670155918762145,1.0
2.7794125709901385,2.759404023204193,1.0
2.176959160014114,-1.5037562546203525,1.0
-2.100709411848693,-3.900475274560531,1.0
-0.7039962296124758,1.3798780515830185,0.0
-1.0124592586214831,-0.39025818650161526,0.0
0.09069333921287903,-3.6532896293415353,1.0
1.571306181274518,1.5224325246952288,1.0
-0.27187466622972956,2.766810878574792,1.0
-2.0183889864628624,-3.0260350901754123,1.0
2.3758860954789895,-0.45004956663990736,1.0
3.1487120723692756,2.2966783969549844,1.0
0.4144616730139683,0.06388744411413949,0.0
-3.495639489515505,3.121623429603651,1.0
-3.6206768204200914,-3.0214348491304257,1.0
3.6350644902353864,1.8261216705435661,1.0
-2.8441625565654185,3.2440007826029014,1.0
0.43304081006458084,2.598329896342075,1.0
0.476288695814028,1.9100069566757911,0.0
-1.152519317005157,-3.8353297059295306,1.0
-1.7040813930217347,-0.7119813920452209,0.0
-1.7874230789299714,-3.3079013193590576,1.0
1.2836663778327653,-2.439612950300573,1.0
2.430359797437852,-1.7194571758037211,1.0
-2.8857460641101156,2.521187809614835,1.0
-3.1240138039248926,2.4268469162784685,1.0
-1.8029540249998055,-1.6960621496122572,1.0
2.6484731424744616,-0.6567901270487999,1.0
-1.3137526441681713,0.6384783593281549,0.0
0.18838917478924966,-2.4250928377635903,1.0
3.923682038737285,0.9104638416567532,1.0
1.7860497723553257,1.4916659077591286,1.0
3.314216518256753,-2.203675898928118,1.0
3.413750363148041,2.15060255384612,1.0
1.8756419879520099,0.28752288107947077,0.0
1.2690681053530088,0.6898515794392823,0.0
3.7167566613688097,-1.4713699443880985,1.0
-3.3328509222777205,1.490345850284851,1.0
1.7016453759132233,1.856020932963597,1.0
-2.46298789664555,-0.4908107089741769,1.0
-2.25984673368255,-2.9248883104478995,1.0
-1.9587390081628868,-2.032714389561278,1.0
1.3193920664254497,-2.8541009459800524,1.0
-3.8132291389452053,-0.8957546725393968,1.0
1.5368882214960005,3.5616404426231814,1.0
-0.9023686994678144,1.6610575877927856,0.0
0.519400382917012,-3.0130653025075027,1.0
-2.3537765837436684,-0.5966956128654539,1.0
2.229144232582631,-1.7631642186776473,1.0
-0.145673911191615,-1.4911235950896096,0.0
2.463877367003936,0.40989889583062666,1.0
1.8545045218141993,-3.9449460742260847,1.0
1.886386963196336,-0.6926534520787948,1.0
-2.2060855391680363,3.4917476244401557,1.0
1.903229486076265,-1.599823919078915,1.0
-1.9876134845097972,-0.34459819841564343,1.0
-0.6005685224887394,3.5307516618914514,1.0
-3.8404666149032947,-0.6071377321909521,1.0
-1.4550956155041073,3.241285996578413,1.0
0.31889158817529495,3.3066312042146784,1.0
1.6706522757836728,-3.934199359812263,1.0
-3.6730604985499262,-3.326195609971454,1.0
-2.577346975370075,3.0252080493717184,1.0
1.0415837142884916,1.2330633906189385,0.0
-0.9503337871988569,2.503234832316906,1.0
-2.7114578395872586,3.812088942610184,1.0
1.4828934728453005,-2.091842158020013,1.0
3.4127846219994726,-0.1852467858871636,1.0
3.4578147201544,0.16809787751782945,1.0
-0.9967699655183573,2.845849164134293,1.0
-0.11379502680015463,-2.271453626818179,1.0
-0.7026952245786289,-0.8066378980633706,0.0
1.9571728860361715,-0.9028571836536523,1.0
-1.6560349734397617,-3.668214623152963,1.0
-3.0532050232099337,-2.2758361431932936,1.0
3.6437111187473885,2.6870194113284933,1.0
-3.3168015186394797,1.8852704770804456,1.0
-2.6244260055754607,0.7699908159437427,1.0
3.2922309630715754,1.1928703735754933,1.0
2.2505500491930475,1.7651955725567658,1.0
0.0522995916452027,-3.9117932005807097,1.0
2.020147185213914,0.8785697435485975,1.0
2.2926695785232685,2.4625332568501506,1.0
0.38957653770578204,3.287873912337618,1.0
2.524536420848781,-1.6994331689116722,1.0
-0.0032129128993503286,0.20467624565386533,0.0
2.6842791072985603,1.4379354125475823,1.0
3.230489611809231,2.262650793064484,1.0
-3.0374245372993487,2.9653075217818863,1.0
-2.440153880647693,1.6376839865062394,1.0
1.4539484735644672,-3.3735323812110973,1.0
-1.8493298505392612,-2.5101535278449907,1.0
1.4253533683937327,3.731402569309326,1.0
2.920126194738934,-1.88940656874101,1.0
1.8285554146526097,-3.770234582888511,1.0
0.8966518841619333,-3.184511632531189,1.0
3.7204569025136243,-3.491128267460758,1.0
-1.9641402972659199,3.6444953616907494,1.0
-2.5422433334943344,1.6124043104324723,1.0
2.2884530130061984,3.8711347968125205,1.0
-3.7187937513434832,0.03228426406682061,1.0
-2.1794191596895454,1.1564056190351781,1.0
1.0336520838466683,3.9703605614337594,1.0
-0.9795183650227024,1.3013680321387557,0.0
-1.8394865102106346,2.521927879529321,1.0
-1.3859886576937086,1.6293529846938943,1.0
-0.17311428619226632,1.0908360059239683,0.0
-0.21739915197533666,-0.9638203866615331,0.0
2.295750653143184,0.7802196337364276,1.0
0.012132328736334408,1.4888752580718494,0.0
1.250265956177942,3.92704940640252,1.0
2.806280659809964,2.064412179080181,1.0
0.2238285883008011,0.1699631664044805,0.0
0.1542069288540615,2.362872445684097,1.0
1.410139671837909,-3.365588025295885,1.0
3.108425462259568,-0.7051882039755437,1.0
-1.3536764623534951,3.3588798505809816,1.0
2.515294744663339,-3.4775955620344963,1.0
-0.5677412749173181,3.2922574659247017,1.0
3.6617754253026797,2.5244070070643865,1.0
2.993827844474384,-2.64656595693864,1.0
-2.395433695742944,-0.17988835266574554,1.0
-1.8798343731139582,-1.8228592409083904,1.0
-3.1809440283180965,3.0603943490589005,1.0
-1.8860424961058566,-2.2662057903368424,1.0
1.3019270046337894,-1.185927053810265,0.0
0.292344092727288,3.030346545288202,1.0
1.90607675801032,-3.695387861496645,1.0
3.642393069965741,-0.7056356290593433,1.0
3.374415784627753,3.345100995162686,1.0
-1.1081726855134484,-0.7356355325137693,0.0
3.8107821344828583,0.4908463468892723,1.0
2.2539818120836683,-3.233913094393005,1.0
-1.7460151785969913,-1.4957642115343006,1.0
-2.5623122901553392,0.22181490971553952,1.0
-3.5975649545685675,-3.5194118247340436,1.0
-0.17645709672291865,1.2759798558083935,0.0
-3.7935950412300485,-0.7259707840730858,1.0
0.010533020701699591,-1.001995991236873,0.0
2.1063087129671514,-1.3876165024259404,1.0
2.5878338557033302,-3.7662138172559514,1.0
-2.496032506314913,-1.8227714227564435,1.0
0.23165776755332157,-2.469115551276264,1.0
-2.782491077359902,-2.085361097984201,1.0
3.5020756743934474,3.6548310764913987,1.0
2.110127868724799,1.0471338296414618,1.0
1.2270065006783817,3.4481980155811556,1.0
-3.9537429661999983,1.056361229111987,1.0
1.5333565768643869,-2.2305402496271345,1.0
0.6017302754981175,-0.3258307478132165,0.0
2.9254505504905,2.319802438169325,1.0
-2.549230346535338,1.6670067432497069,1.0
0.7435640057419777,-3.403620037860157,1.0
-1.609687216430899,-1.8198088747424714,1.0
3.131166253783043,-3.9407209398729943,1.0
0.6047970429908114,2.861468419014713,1.0
-0.06768510926921856,-0.9866386522745199,0.0
3.956796750486075,-3.2499381899920063,1.0
-2.700838935517478,0.579349633508107,1.0
1.8405893431570295,1.6301282358069606,1.0
-2.326076733273501,-0.5180932093864028,1.0
-1.8267453397736393,-3.379746334981247,1.0
-1.7554526749688417,0.5919257623787049,0.0
2.735338006825348,-0.4254303180063488,1.0
1.2360751731160367,0.8991525989290068,0.0
-1.7648514853822235,-1.5925835421663637,1.0
1.5501722335084676,3.8618073211683717,1.0
1.8188103208038866,1.095158300753293,1.0
2.2867392599040066,-0.7398663055776371,1.0
-2.9279175698551514,-3.2231489236089423,1.0
-1.311520176772916,-1.7413709362038654,1.0
-1.9534203157835313,3.6843544910863812,1.0
3.344680877322241,-0.7274766883708335,1.0
2.8071773932932933,0.527308908834498,1.0
-0.0852986652895753,-2.8209479514906697,1.0
-0.4527696297416606,-0.4491070928939216,0.0
3.379263963075836,-1.841828480810876,1.0
-3.0666208646117052,-0.15800729422803705,1.0
-0.5419706202111927,-2.589087139664752,1.0
2.1919854063119013,0.20581902907704475,1.0
-3.7321708800446576,0.021432747862602852,1.0
1.6324566510728404,3.779938530349301,1.0
-3.3770710761141416,2.6215246234256115,1.0
3.2315255116026718,0.3859510852240966,1.0
-0.2537818758035941,0.4292513465149943,0.0
-1.3293963391979338,-2.3728253444681044,1.0
0.3682687523455268,-3.389339867985499,1.0
2.717053102192148,-3.4437424634367284,1.0
2.7345769992493265,0.8782276026224016,1.0
-3.2031235534775107,1.5027538021981606,1.0
-0.1319165433674776,3.8533315305182425,1.0
1.8887242282622498,-1.980837696784291,1.0
1.791545702403714,-2.585960016431427,1.0
0.7761294644385517,0.04156115318149123,0.0
1.09467561338675,3.007598839019759,1.0
-1.7535618368843906,2.693776023793026,1.0
-0.9888484919929219,0.48848582858807355,0.0
-0.7934646229202018,1.2568132837741413,0.0
3.904893424631368,-0.3983416332831595,1.0
-2.8068833590659965,-3.7300104768480935,1.0
0.1905981527584668,0.3170707088141036,0.0
-3.9769548970695174,3.1517879460653573,1.0
-0.6806766511744842,2.858797961336604,1.0
2.789337064813509,-3.8511043323840717,1.0
-3.1668497388993355,-2.537936912307142,1.0
0.22210955120534326,-1.7465922264114608,0.0
2.582915693561821,1.2802870558626784,1.0
3.7589458899499153,-3.2691193138001733,1.0
-0.612666443441281,-1.780691671708298,0.0
-2.9088867307867528,2.5625036329611968,1.0
-1.3531513890662943,-1.8766314099030064,1.0
3.7446315829984442,0.6658059677730934,1.0
0.038904250285876074,-0.94243012135298,0.0
-0.3929715690760567,0.597493711702989,0.0
-3.876566839092363,-0.9366510273150697,1.0
-2.9554544638358244,1.4625047323272504,1.0
-3.102646611111539,-3.4449075518655716,1.0
1.9889900027196887,2.994677014753158,1.0
3.538163029086631,-0.41229726953732015,1.0
1.0874562319819185,2.635532778296878,1.0
-1.3516511439780983,3.0255472159161085,1.0
3.2297756515856033,3.4304874259393516,1.0
2.8779441362699476,1.0995373663405354,1.0
3.298842869403818,-3.1990448351457133,1.0
3.59169259442535,-0.8037029887104126,1.0
2.634657736682433,3.5729671523175437,1.0
3.6317914449048665,-2.722362803123083,1.0
-3.6511312277746883,-1.7436563051231522,1.0
-1.679900056923021,-0.48673174600534264,0.0
1.3112222008045737,-0.036060384956534186,0.0
2.760506431997312,1.7659537649879633,1.0
1.498351066691379,-2.1463028809406985,1.0
3.804180545774652,3.9121666644311484,1.0
1.349787269549621,-2.8926189211978572,1.0
-2.203861653225239,0.963944282821287,1.0
-2.920143878360694,-3.121897227334105,1.0
-1.4865648219291288,-2.364665682432171,1.0
3.805667616246497,3.632554521275563,1.0
2.8553663137751,1.9175663834405947,1.0
1.2436647802798682,-0.043897242752062304,0.0
1.616621143827932,1.2487472393611023,1.0
-3.4757531960511043,2.9142894974586397,1.0
0.9308339064100197,-1.3619245492318468,0.0
-3.372204539854848,1.9797705569394815,1.0
3.5422538024846197,2.0234149360088347,1.0
1.4728085620574776,-1.6009308489438174,1.0
-0.9518748894994866,1.6651733960498305,0.0
0.23489802027632845,-2.6142468766185427,1.0
-1.8141919583624881,-0.6406263196765858,0.0
-2.9180025716272606,2.9507037274069523,1.0
-0.6836374091522472,-2.2040157607735376,1.0
-2.722606481843659,-0.7220099635151014,1.0
3.5690430299688103,-3.206658467363855,1.0
3.56267979664222,-0.28942357340372027,1.0
-3.801329290362675,0.31890263321464296,1.0
-1.8194146536953335,2.309627085198283,1.0
-1.6488560859766261,1.2997641451652004,1.0
-0.3785479757022916,-0.7097150576325353,0.0
2.884265413278446,2.01827116690742,1.0
3.8982215945605008,-3.079304228831874,1.0
3.4073430497018355,2.284493456353961,1.0
-1.6420944448640604,-0.48587317499815796,0.0
2.7286551606675014,-1.603596313082316,1.0
-0.9652102015270474,-0.5604850717829093,0.0
2.585066578632154,-0.06726868390163254,1.0
-1.565001025639626,1.4866655593557585,1.0
3.704922654308624,-1.2387963363269225,1.0
-1.5419473526059377,-2.170254344998682,1.0
-0.18150672907883436,1.3881392311948488,0.0
-0.15688721545138762,-0.7233838769360368,0.0
-3.6774073303173056,0.07076643939020855,1.0
-2.2239803424744817,-0.94932760107704,1.0
-0.7348532263391538,1.783208137111596,0.0
-1.5907206943847019,-3.014601144466564,1.0
2.572583421804068,2.422983054013563,1.0
-2.5292475659998157,-3.3993672247631617,1.0
1.201315833926075,1.3479783188117054,0.0
-0.00497281647626302,-3.9809690343163506,1.0
-0.22978338236310591,-1.1875235546760283,0.0
-0.7815883942221591,0.5809184364269298,0.0
-1.1868150470454815,1.3535337214882608,0.0
-0.09587657067595856,-0.6453894294261975,0.0
0.9569043347305755,-0.15090279123016792,0.0
-0.5688429014974989,-2.0590476706613368,1.0
-3.717529051729314,-0.6297812948388755,1.0
-3.643841909860111,-0.7584467301880062,1.0
-0.2486909994972759,2.915628925791408,1.0
3.946455651302312,-0.9549011849184179,1.0
-1.6091862895807365,0.6542321716381307,0.0
1.8336546132373064,1.224648251920005,1.0
-2.506977253248829,3.2038346185315083,1.0
-0.6128603142035631,-1.693527941836856,0.0
1.48387889765453,0.6374571095946608,0.0
1.5019729492413036,2.5622956994336077,1.0
-3.881055085489897,-0.8067648316428073,1.0
2.2533505315326448,3.8902092058042452,1.0
2.9657943981101154,1.7728502979926555,1.0
-3.7459188798571432,0.8005730531481179,1.0
-0.5228275215558007,3.531169663047244,1.0
0.2562331633673507,3.8141942466125105,1.0
-3.3478990994743,-1.591433297829079,1.0
-1.1884237356426857,-3.2671564939009423,1.0
-3.1385696505584892,1.941780038842241,1.0
-1.2064790867096828,2.439697232136182,1.0
1.9201027701516038,3.385416886721176,1.0
-1.7604908344778476,-1.28167082622962,1.0
2.104243889951336,-0.47568849435144145,1.0
-3.7306528986826084,3.4405798317872147,1.0
1.4367440304979082,-2.9328261530492874,1.0
2.0504880432457275,-3.522145546440865,1.0
3.326292488296242,-0.3212276864125929,1.0
-2.26405503028409,0.8641731003398654,1.0
2.893938626079919,-0.7072494951361392,1.0
3.355738262024121,3.793159030973264,1.0
-2.6507110752345238,0.7519554198110612,1.0
2.7100792166893326,-3.1116495471858086,1.0
2.3682823380717055,-2.985729478471134,1.0
-1.5266098804239085,-1.205767927197365,0.0
-2.789770721484408,0.30274260956406174,1.0
0.8790779947236791,1.8683206692057954,1.0
2.5707068012375363,-1.1257375848932076,1.0
-0.7572658339808376,3.3203655908254976,1.0
-1.533929482293523,0.4379347595723857,0.0
-0.692999083520232,-1.1322471028157928,0.0
-3.290720217041404,1.5580704828273984,1.0
2.453679409935207,-0.30236323173062374,1.0
2.70189123706196,0.8766092880320704,1.0
-3.0520129689414466,2.9043542100181083,1.0
1.778010237172797,0.5628989190314106,0.0
2.517842142071242,0.5747731957359283,1.0
-1.662910455168407,3.6819381217141247,1.0
3.968362040279062,1.6950264965929769,1.0
-0.9219155679078739,-1.7079040030501291,0.0
2.7509625835641627,-3.351169768854982,1.0
-1.7152901670875726,-1.5184196073066625,1.0
3.576334261333786,0.9457997042073991,1.0
2.277231748681875,-0.17579362380289076,1.0
1.391867686255143,0.808072890054996,0.0
3.6463104066384684,-0.9839266228447956,1.0
-3.183929589064639,3.493724145107061,1.0
-2.3165951175509027,3.9976861853263577,1.0
-0.7327206024622441,1.9023560486351814,1.0
-0.0950253052942438,2.1788448744597755,1.0
0.3491891739426327,3.729010468561417,1.0
3.449152440183031,1.2744726198733085,1.0
-0.4487541234118124,1.0931803749097861,0.0
3.583921791251459,3.026393463450452,1.0
-0.9672696684341933,2.6041443512577596,1.0
1.1294578770446302,-1.2927903435043104,0.0
-1.3532970765692847,-0.32852492713054904,0.0
-3.4592758504904326,0.5431911452192946,1.0
2.3191451682310538,-3.9298927665269554,1.0
-0.07369131555026343,2.6383784263514123,1.0
-0.0528692599617262,-2.331249447684889,1.0
3.3475816469211894,-3.7323682253358177,1.0
-3.5715309367308112,-0.3381033093826069,1.0
-1.6975101130321226,-3.4485031576667673,1.0
2.8102126513110974,-2.3727484605571787,1.0
-0.9079205947285356,-0.8540090129586098,0.0
-2.89416159752965,-1.765265097869941,1.0
2.759777941541034,-3.4303279434748095,1.0
-1.3380573537256053,0.1360294604988148,0.0
-3.353634658914957,0.4290506486080341,1.0
-0.8804170343459008,-0.018783084421748697,0.0
-0.27818619134720635,1.4519827709819815,0.0
-3.943996601823603,-2.6223533257069453,1.0
-2.7674202783892197,-0.4755481766607019,1.0
-0.361993174637977,0.8929637673367798,0.0
3.5024727178055306,-3.1260148656770808,1.0
-0.413101322070478,0.27629068935432155,0.0
-0.04538776250487686,2.1684918645470113,1.0
-2.040500067986785,-1.083161112627045,1.0
1.294553263583735,-2.1495859460514186,1.0
-2.563025037276681,-2.874771815050565,1.0
-1.5730563542837421,2.2821908276870895,1.0
-3.951518911948816,-0.47095928954627464,1.0
1.1086297156671874,1.529253773761166,0.0
0.7542220846055505,1.6573093479593988,0.0
2.08815903450792,-1.4958914436183326,1.0
3.345650495426688,0.6393086178077034,1.0
3.692676596320581,-0.7468195889969733,1.0
2.2381145247263206,2.22522111063052,1.0
-2.578141479296997,-0.31381593445796074,1.0
-2.3883233120882563,-0.1076107466977474,1.0
3.556776914641417,2.17587052579747,1.0
2.741030257195339,-0.4121888529031885,1.0
0.4497827660172877,-3.404204375471971,1.0
-3.9967438475006647,2.226224335595549,1.0
1.6727701848584156,-3.786946079447527,1.0
-3.698850129558334,-2.35403901902347,1.0
1.5202655975183683,3.859357628676113,1.0
-2.6617790998896522,-0.7365924403639301,1.0
1.4988822599934633,-2.8488843556358017,1.0
-0.21471296715901023,-2.0429173511718552,1.0
-0.4867733422774352,0.5305967612604325,0.0
0.7660008864532593,-2.8547229946131534,1.0
-1.0340778952793475,3.122377872537345,1.0
-1.4170588827724853,-1.3169562104924548,0.0
0.0741032229548555,-0.9409265903671402,0.0
2.146680245701541,-3.662568777653714,1.0
3.56545675397117,1.4564219367774243,1.0
-2.9446980436193337,-2.696596462152481,1.0
-0.9218700815326493,-1.144352150984405,0.0
1.0675601576970566,-0.44880917661321984,0.0
3.0295686170890024,0.4393172833133159,1.0
-2.982069008005194,-3.962501930504727,1.0
0.25763857301033166,2.958604111044618,1.0
1.733623879516192,3.686339773063894,1.0
-0.5084794122572953,-3.8006628532072684,1.0
-3.182117386846204,1.7884745171352323,1.0
-1.7337461028838037,-3.185617714304124,1.0
1.7412853228551137,-1.092095237480203,1.0
0.17773790957880387,0.34805448034787023,0.0
1.9281805043381128,2.6972438214635215,1.0
-1.7059099245462601,-3.5506887655550683,1.0
3.373931177472816,-3.181616789543833,1.0
-2.6012162653702227,-2.3529059224137754,1.0
1.6440540973472917,-0.8139054186025998,0.0
3.785347727700745,-2.5027031661931556,1.0
0.4565105601271986,-2.6358739172777526,1.0
2.6176328627349346,-0.4451973862093759,1.0
-1.042664995398126,-0.8690549464876769,0.0
-2.154412804288051,2.0301827726127213,1.0
-3.8842539818060997,-3.4478489303808475,1.0
-1.1936034649522185,-1.3240872124865026,0.0
-2.4574481262691723,0.8480663438160567,1.0
2.547102289452753,-1.2149346999641226,1.0
1.9909511977491396,-2.76954182911991,1.0
1.375821152756946,0.9026133066417046,0.0
-0.8996607697267693,2.1846843359182664,1.0
-3.5484632919119345,-0.8200982755374424,1.0
-2.5422079870111167,1.5308058137676621,1.0
-2.3221257434489537,2.38535144952524,1.0
-0.18925218605052763,2.7237130526553477,1.0
2.1614119276384978,1.7085732170554735,1.0
-2.998696159405001,1.2699922828745729,1.0
1.405705141629026,2.848978905002986,1.0
-0.21050067328850375,0.5973783024654242,0.0
3.306806850040304,-3.583068006691999,1.0
-0.019217091782937068,0.5787540322624967,0.0
2.7533489584120305,-2.8566660292296957,1.0
-1.0335906665405474,-0.6780812879154654,0.0
1.2745566575441325,-3.338631085953068,1.0
1.5285473894891606,2.6121116743412083,1.0
2.958197287311343,2.539786730691092,1.0
1.0777726915627177,-0.8824013123063548,0.0
-3.551712985757267,-2.565442267247869,1.0
3.413194608111888,-0.8843331753737029,1.0
-2.7476256892900235,-0.8713549811848971,1.0
2.1449406879316655,-0.699809753566667,1.0
-0.7725211483683347,1.6353786085001962,0.0
-0.3929192829049075,0.7431537971761264,0.0
-1.0952763156850729,-3.076685840533756,1.0
0.8140832735563208,2.6000953199790473,1.0
-1.8117132527136288,1.812317994126583,1.0
2.7273787277313755,-0.2712888075828017,1.0
-1.6105687120261098,1.4536452309286743,1.0
-0.8865793005545255,2.3059473284706202,1.0
3.8309358477499194,3.452220271616384,1.0
1.9022488209314812,-0.14357636942636098,0.0
-1.8821026737667275,0.11392765365966184,0.0
0.42013860777896284,-0.443611251844791,0.0
3.851226107317757,-2.040417755927453,1.0
0.5051581701662382,-1.9094520016211067,0.0
-3.1447392469973527,0.3890577803960156,1.0
-0.8534760182715777,1.0083042772543287,0.0
3.4089296178926176,-0.6975154459767623,1.0
1.2463471824241745,-1.6361165434453495,1.0
3.31759949393238,2.23003534109227,1.0
-3.9569775150340236,-2.992121598512571,1.0
0.695633041541285,-0.9596339166183858,0.0
3.0040651342493954,-1.1619594588923734,1.0
0.7625059834634165,-0.2036052454050692,0.0
-0.4599638124706331,-1.9172152889463323,0.0
3.026053908546796,1.8499732323600897,1.0
1.6582012570910658,-2.798012853322466,1.0
-1.3512207694425227,-1.049060455633267,0.0
-2.4345890877245786,-1.8615694226209705,1.0
-3.254590177150382,3.7378580879294496,1.0
-3.410233577968473,1.8917692499546765,1.0
2.7627236993921,0.18233435932133446,1.0
2.2275492105272168,-3.450147255664021,1.0
2.4406723922800078,-2.490818559338827,1.0
2.2695675539291074,0.7597847982467769,1.0
-0.49786356445630986,-0.6384414111970029,0.0
-2.951560809987863,-1.7041300011408431,1.0
-2.441692953717462,-3.0149771421976794,1.0
-2.069213988640861,2.3944115312617447,1.0
0.9745626050295515,-3.4395596316582635,1.0
3.0500762035456743,-0.823362840625947,1.0
3.085649815840953,-2.7449324704264244,1.0
2.7758442904981955,1.7336958334756352,1.0
-0.6062266199523307,3.268131131062666,1.0
-1.2929283399050497,-2.3628469520163735,1.0
1.816052073311222,-1.9490122966760222,1.0
3.4885781443695683,3.2371215220651095,1.0
0.13974732140524715,2.663604951537283,1.0
0.043758138223156884,2.5301996775505584,1.0
0.8865768294517489,2.6596434794305353,1.0
-0.4133345603321983,0.8478689395914571,0.0
-3.3206773924473048,1.0649745437635234,1.0
0.6955643168857639,-3.709749133968761,1.0
0.031523099736485705,-1.0212332932856576,0.0
1.7682169290094407,-0.5693134695873594,0.0
2.978179775846449,-2.1189006113170947,1.0
1.2054027772023934,-2.3609885126885475,1.0
0.11353798641721369,2.9063193652182617,1.0
0.27051335703731905,-0.7789548758376403,0.0
-0.010650893327215805,-2.1761945045880546,1.0
-2.7977097289305677,-2.45179085013652,1.0
-2.0219386605868648,-2.48981083656062,1.0
-2.0881342884361676,2.5806913550350954,1.0
-1.9446422131636272,-1.721237241161428,1.0
0.9085480905902923,3.3706681035247357,1.0
0.06391426482940776,-2.761682866660614,1.0
-1.071160319248813,1.4450682677718634,0.0
2.0625345297861175,-0.10599550419283688,1.0
-1.0758744403446956,-0.034236158904672465,0.0
-0.3114273866621655,1.0212468624565618,0.0
-0.3103708193200436,-3.9964123500975486,1.0
-2.4888383508134106,2.652383901290219,1.0
-3.5575850011475936,-1.4395567884947864,1.0
3.8081250484515152,1.2206020980563306,1.0
0.9568372275890837,3.132463586704394,1.0
0.06045073561432268,0.5748167520875951,0.0
-3.7498825044488253,-1.4338513246820135,1.0
-1.6837985206788684,0.8403323489451893,0.0
-2.0495178211299896,-2.5736493549029884,1.0
-3.233274276263824,-1.900282182585971,1.0
-2.9364081145862766,0.9989164648233588,1.0
0.14496321750568342,3.8904471312445903,1.0
2.8010575080643356,2.526593409449964,1.0
-0.40565653744675423,-0.9650855285678492,0.0
2.3582080380124433,-1.5872042600686038,1.0
1.9103786151507078,2.9408670367364778,1.0
-0.15192566102094673,3.7520393759943467,1.0
-3.8661572071421713,-0.6090138518756794,1.0
2.651050356862198,3.451547075557598,1.0
3.254600832407397,-0.08045540676113205,1.0
1.1197451229482294,-0.5955518564544864,0.0
0.06062182545373318,-1.8633692235972772,0.0
-3.260983521149827,2.7178612243423137,1.0
2.784216535404955,-1.292543609557475,1.0
1.829495973718319,1.0309726734416644,1.0
3.4180229727278437,0.8151361757102702,1.0
1.590633759341964,3.5588884530169462,1.0
1.9670905189580328,1.4222836439657556,1.0
-0.490772526355828,1.1771314008690847,0.0
1.2207460120360443,3.7447008826087105,1.0
-3.157821782837061,-1.3827210423593836,1.0
-3.843679974688545,1.334275033984035,1.0
-1.6724503371284927,-3.0579649301187466,1.0
-0.9460249571307271,-1.1986201633430449,0.0
-2.570718821971626,2.7276791331302768,1.0
1.8026219976081155,-2.6309649768870296,1.0
-2.5409886262522017,-0.7269513442825648,1.0
-1.4559543307820881,1.398991314208013,1.0
1.1669786310801484,-0.4410125892882606,0.0
-0.0693273079329666,-0.09678329118193485,0.0
0.1706199115008502,2.3109905051800173,1.0
1.6682711942333972,1.0297333409912772,0.0
0.038077750641419605,2.2553891707625686,1.0
3.416570146468101,2.254217924722366,1.0
3.966382573028631,-2.9106217064642275,1.0
-0.7588913776098067,-1.600842617272355,0.0
-2.2743140424400634,-0.3853963665084166,1.0
-0.8644581813912362,-0.5385983394235598,0.0
0.6991523365505712,-2.3391095526814247,1.0
0.7825864368905613,1.154632702658546,0.0
0.9201845779970341,2.140792989880393,1.0
1.426287985180549,-2.6517116917748202,1.0
0.7670039864507574,3.0300835126271597,1.0
-0.5209631253392937,0.8861771460758003,0.0
2.0867014093183593,2.413076648855295,1.0
-0.8071369050035138,-1.7057171750754279,0.0
-2.081938936424928,-0.24326742748324026,1.0
3.6637761697681395,1.6219735989421364,1.0
-1.324776502119664,-3.7658468288902016,1.0
1.7916620527847993,1.9821427186851421,1.0
-1.9427817763919757,-0.36107286265935556,0.0
2.800349139855369,3.097159284757142,1.0
2.64875567816918,-0.12020652705339518,1.0
2.3633480549971537,3.1364754068993976,1.0
3.2789218717117468,1.7298204419227101,1.0
-3.837049439430002,2.893914148590863,1.0
-3.9880410030139775,-1.17163845846395,1.0
-2.287374515222883,3.470345497623973,1.0
2.3935312419894803,-3.227779673718767,1.0
3.229779792283054,2.9149103333081703,1.0
-2.7064409570628785,-3.138746026633826,1.0
-2.3687896326644564,3.3859238721794958,1.0
0.5317489678395608,-0.9001090685754285,0.0
-0.7715193277768497,-1.5430306116916999,0.0
-2.455398684929972,-1.918548586704783,1.0
-3.865732128078685,0.5702595355602016,1.0
-0.8192506589649291,-3.1766218073055343,1.0
-2.99693598152931,-3.1934971682349715,1.0
3.0775759987937494,-2.4553605793963538,1.0
-0.14461872317981417,0.8644893140393997,0.0
0.46209223033819313,3.333061038809527,1.0
2.620354272835936,-3.4641563634747214,1.0
-2.884554966626805,-2.9204321812723553,1.0
-1.526487829215057,1.315697086894887,1.0
-2.1253434628157386,-2.2835720223351483,1.0
0.5026727555901447,-2.643000716717025,1.0
-2.17538292177405,2.1570413730662468,1.0
3.953909859469655,-3.6487993990959238,1.0
-1.1314498892726554,3.9437223320983046,1.0
-1.3679269600510935,-1.0374681589949057,0.0
-1.2139551132574393,2.5086278556603974,1.0
-2.464028294586302,-0.9241244503813526,1.0
1.8074676400768919,1.843080914786416,1.0
1.0383805062402924,0.31088256981505413,0.0
2.286921488500046,0.9072060217745399,1.0
0.7161054917368492,3.9920319730519473,1.0
-3.724781673881929,2.0457131969117253,1.0
-2.77046926257698,-0.3315355786279506,1.0
-3.8609890270537477,-1.2633093862327476,1.0
-0.522139966171058,-1.6436660039851576,0.0
-3.906032001954837,-2.0067987391141484,1.0
-3.1682742827394756,-1.6635354165492098,1.0
2.6703637949328796,-1.9721878292718902,1.0
-2.876105893969025,0.5987784560504847,1.0
-1.3632348976240563,1.9376085033405088,1.0
-3.1729182426597315,2.307119247114416,1.0
1.9488087220527452,-3.058057384901974,1.0
1.13902916658978,-0.6023779281159589,0.0
1.3773331485358389,0.5562402492107887,0.0
-3.9459987650801525,-3.908768092864313,1.0
-2.1568270979917186,-1.7381597559645998,1.0
-0.22364686540193368,-1.3191640380368685,0.0
-0.97163832277566,1.6461706535444955,0.0
-1.995534439849278,-3.347076893839345,1.0
1.362918651466365,2.522720240051429,1.0
-2.902117184277074,3.752110070765027,1.0
-2.842424471781631,1.6689413813400558,1.0
0.2903143118785856,0.7733288576815278,0.0
0.6769607594831832,-3.1524660865251555,1.0
3.2959874628923442,1.1553331935987998,1.0
-3.3479352457832423,-0.8725480971387336,1.0
3.8445753355261196,1.1276405911481415,1.0
-2.3205840421697497,-3.837697917419802,1.0
-2.4291687951771044,-3.6872846485524198,1.0
-1.919797332742756,0.23272628761873548,0.0
0.39056299125010874,-0.6951532341574307,0.0
2.9390269312215915,3.869960420655829,1.0
0.4185384270149841,-2.081260719241315,1.0
-0.7151833903857394,2.8686024234334075,1.0
-0.2896113139218306,3.447909013721242,1.0
1.4125084592852124,-1.789140248901603,1.0
0.5081969795390933,-1.9772242641179432,1.0
0.7409609533839463,2.260918373135559,1.0
-3.1803296824603935,-1.995583726515723,1.0
2.7142772733896487,3.626249390825831,1.0
2.1864284559589757,0.9915893347354157,1.0
3.1736909037991037,-0.7969371045606604,1.0
3.6197894588210735,0.8865448365183495,1.0
3.512480064627855,0.9483585345548997,1.0
0.5696202103084955,-1.6504766436345424,0.0
3.5399755801572086,-2.8367734875989123,1.0
-2.4543890799206043,-3.692724983561476,1.0
1.2332944474052017,2.730282881825916,1.0
-1.4890383543250554,2.8508164580414803,1.0
0.9837708438683617,-1.0346910493447794,0.0
2.8241635229806814,-1.1437192106409517,1.0
1.6138717281528336,-2.564065118737136,1.0
-2.006016685937313,2.838025308130706,1.0
0.8911996826129771,3.8528435578462945,1.0
0.793726252755727,3.657295254817824,1.0
-1.316674505393065,-0.42766777110968857,0.0
0.5096122891201924,-3.8810283434488033,1.0
-0.6424475929559144,1.7625025113079147,0.0
2.3686679584377144,-2.3242544538938903,1.0
-3.5901360580708355,3.6681448705216537,1.0
-1.6863872438838499,-3.7799760312919064,1.0
-1.6071449112816518,1.1746017129082453,0.0
-1.7463925039180621,-1.3534755449521194,1.0
3.4562642654699935,-2.377119889414506,1.0
0.09528634371852984,3.296457369244372,1.0
-0.04375192717724552,2.921232580334679,1.0
1.4145013601421912,0.37808907311599427,0.0
1.5315236790641586,-0.09056818758708651,0.0
-1.1904139492414076,0.5967406017034182,0.0
1.4567103769592018,-0.4296266031164544,0.0
1.788103079719387,-0.8587945047478511,0.0
3.8748278391103277,-1.6602189433200403,1.0
3.652545576114603,0.5835294181820219,1.0
-0.5429469352569596,3.271057011347902,1.0
1.4756572347501944,-1.545755509441137,1.0
-1.435393227076391,2.0585624547425097,1.0
-1.2572769751485513,-0.47621406762145035,0.0
3.5697453994706283,3.0779864410965905,1.0
2.8227119789341693,2.5345982940771856,1.0
-2.2627779620107438,0.5698279710207919,1.0
-2.684221528728126,2.1862477105212186,1.0
3.9403367526409356,-0.6608607844632584,1.0
3.340633367390768,-0.6009865522871696,1.0
1.3548578076665265,-1.678088376138188,1.0
2.059212002009053,0.15373635912782735,1.0
-1.0773686456358433,1.6584742020514343,0.0
2.7097005185027774,-3.3550199047891764,1.0
3.97052251651945,2.0320229806060475,1.0
-0.7045294186334523,3.308079880470178,1.0
-1.1415963110074419,-2.6455929059820997,1.0
1.9963486851335919,-2.5023822964726286,1.0
-0.22753511227208367,-2.434791409247506,1.0
2.134630463939984,2.8030072934386823,1.0
-2.591348595069234,3.257408537450245,1.0
-0.1251488683150246,-0.7272704736950999,0.0
-1.703787209738306,1.986232324053188,1.0
3.6840941433679353,0.3757876160977274,1.0
-0.43975945336991007,2.96114666995574,1.0
-1.0047468766835292,-1.7114815712833327,0.0
0.7606173602012003,1.283679258431527,0.0
3.9515081526590112,-1.1605016545831175,1.0
-3.2297652794756235,-2.6487351329431634,1.0
-2.504460335672414,-2.681748183880277,1.0
2.987184722648145,2.4492848972586136,1.0
-0.3957347455219491,1.243326567171331,0.0
-2.9622660718047236,2.552410108743625,1.0
3.452098287419931,2.360152950493802,1.0
-1.1587482366698971,3.8295666512386903,1.0
2.1673813450290407,-1.3930119024775403,1.0
1.8904567134888595,-2.752231187806342,1.0
-3.110555503041268,-2.8102918084099535,1.0
3.494713167507566,-2.1002733837818273,1.0
-1.7314698698450188,-3.712826802060955,1.0
1.5936911547916068,-0.13115331572786015,0.0
1.3872150905554532,-1.4356286558183928,0.0
-1.9903491752274078,-1.331787827227945,1.0
1.8443689430972006,-1.1089530167213102,1.0
-0.6073848552672487,2.081416081257549,1.0
1.3695741795887315,0.4166768850621203,0.0
-1.920753623992133,-2.6351142840343007,1.0
3.935471976577765,2.217535921899369,1.0
-0.917966011903947,2.387491402480788,1.0
3.8241517018206066,3.154437954546861,1.0
1.636096681794041,-3.9333457510741283,1.0
1.5629233570936494,2.996746891200905,1.0
2.405908371601308,-3.516848510494487,1.0
-3.7353501425603444,0.7580136933269559,1.0
-2.4006118023351517,1.526479626230227,1.0
-3.430520015552859,-2.2859049312818893,1.0
2.0396837761380455,1.0780052510480926,1.0
0.14935023113924828,-1.993877154818124,0.0
-3.4286238812531478,-2.44130338399052,1.0
1.2261947277554954,2.2513283145422545,1.0
-1.5710649777504244,-1.0663168613684606,0.0
0.5005071086606341,-3.2373808480876916,1.0
-2.820071656708577,3.963051908597821,1.0
-2.3067504690117087,0.20618396734602396,1.0
-2.5912481893434904,-1.2890559974523335,1.0
1.173114481100197,1.241871849044884,0.0
2.1643659971661773,1.9138885370845449,1.0
-3.6544202183053915,1.6258240324162934,1.0
-1.8182228076831848,-1.7268581213005518,1.0
-2.5227472454337594,0.2149914558463486,1.0
1.507986321121475,-3.228414387660104,1.0
-2.0837135530605186,-0.13354219406509937,1.0
-2.1442041390901414,-1.4683713694609466,1.0
-2.078135969790611,3.3535167051975634,1.0
-0.8592365829313442,-1.7116826106365144,0.0
0.16282158815012338,-3.8986311041770687,1.0
-3.5847274894579657,0.07042623293669514,1.0
-3.3806517029125134,-1.426516084215149,1.0
-3.6138731136213966,0.5565844812197485,1.0
3.82064645908037,1.988307989022828,1.0
-3.51935012658962,2.9581877284871716,1.0
0.4344015032056596,-3.828880793078792,1.0
3.2668491702944573,-1.9865732237706544,1.0
-0.38747482446117676,1.0766460582386213,0.0
-2.2298692185180364,2.4964835453024614,1.0
2.349232540610118,-2.3303635462524053,1.0
2.738453903097475,2.3902895500573544,1.0
0.01506549371149557,3.2636570701329353,1.0
1.4845967891789265,0.7017496507198668,0.0
1.4278806865085265,-1.353276987264442,0.0
-0.5277962030775081,2.9493699385055194,1.0
-2.849963933534263,-0.3253183138667177,1.0
1.9981302264503036,1.8822230149879342,1.0
-1.3038942067961017,1.8104226649317123,1.0
-2.517035013564314,-1.8962763809804022,1.0
-3.597198440230252,3.76058590899713,1.0
1.2862210230032867,-0.2806317375873437,0.0
2.006515624535857,3.749488319976267,1.0
3.541163362078766,-1.909942023870732,1.0
-3.32323775204987,1.9899657134139659,1.0
0.75064834614893,1.681793872851845,0.0
-1.7041335590367837,-3.573399178559427,1.0
-1.53866675101471,-0.6020764392420697,0.0
2.9478760755100204,-0.1339932639414032,1.0
0.8398439102602717,-2.1418853237371254,1.0
-1.1493221993722242,2.4904977033916555,1.0
1.7847184689536544,0.2299148701616769,0.0
-0.023138276801633495,-2.7391302522292387,1.0
-2.327606189705004,-1.5994161556323396,1.0
3.3932274459804272,-2.899836852823367,1.0
-1.999811606779768,0.5771492340984556,1.0
2.239926741612492,-3.632507055044014,1.0
3.420142144098091,1.773233600254943,1.0
1.0868039366553832,3.3300788001546104,1.0
2.7638472817180713,2.4469777956204535,1.0
-3.000479683808531,-2.997564649780405,1.0
-1.236112090594788,-1.4028870090979133,0.0
0.6585768153782743,1.9150493782910063,1.0
0.6735748657371987,2.454147813656591,1.0
-3.6940675744156053,2.591637692187793,1.0
-2.191499354962396,-2.558902898196413,1.0
1.0693215094894777,-0.07923960940225339,0.0
1.3420153874312692,2.922005681744335,1.0
-3.7029701491736544,1.9573187546700623,1.0
2.5620857911332715,-3.4636631316664426,1.0
-1.5963375672837632,1.4030161108308645,1.0
-3.679273635346674,-2.9859075267109594,1.0
3.8028910467184422,-2.013103241957883,1.0
2.0970170393964933,-1.7199128810951798,1.0
-0.6783332652433947,-1.9423570018829066,1.0
-1.5879023206048126,0.7662079612175106,0.0
2.7013212580347217,2.6188598593626002,1.0
-3.3423397289647463,0.581849549238477,1.0
-0.3689994394557541,-0.8057899765537888,0.0
0.7674925172646683,3.4688107634994942,1.0
0.5418735884124093,1.781754988925207,0.0
-3.531156572677962,-2.125215414467174,1.0
-3.4888638854930365,-1.181290052261394,1.0
3.5668688092000655,1.000866831176241,1.0
1.2329632772980261,2.6499236810843376,1.0
-2.4617049522625374,3.2049870352083722,1.0
-3.06863298620394,0.48864232009394293,1.0
1.0731833992302828,-1.4627605582970666,0.0
-0.4647714118494779,-1.693862883019281,0.0
3.663741455685085,-0.28071131714513964,1.0
-1.0442261813579945,-1.4584506539332525,0.0
2.3436030164609543,-0.13968819560836732,1.0
-0.039682507816467094,2.93361958016878,1.0
3.335328910066143,3.2414481678690388,1.0
1.2040578399311794,-0.4483002583956326,0.0
2.3271981035598337,-3.4209850106573896,1.0
1.2091881003214473,0.4306328541348252,0.0
1.2476922028481976,3.9553077058018564,1.0
-2.6993534625702393,-2.979269528551561,1.0
-1.9191175333003843,-2.175563285760357,1.0
-0.5022013621816601,-2.393819104592855,1.0
2.638452521991325,-1.605952414410302,1.0
-0.5325438755610064,3.650204695008922,1.0
1.2297170023455042,1.154834899246449,0.0
2.156560242137262,0.8846575605145528,1.0
2.51745185437502,3.619832638539373,1.0
-1.765013528146822,-0.9746655062854837,1.0
-0.3787051644453996,3.762367875443779,1.0
-0.8747952659319971,0.9238651348661326,0.0
-2.876002885448349,0.40589140744122876,1.0
-2.7095705866284128,-2.877561198409073,1.0
2.5784471899072434,-3.299427978280395,1.0
3.802062982455899,-2.515026999195258,1.0
-0.3902293616457211,3.6144188290452925,1.0
0.6666666100070371,-1.6669352087041291,0.0
-1.2284377813296734,2.478358910452325,1.0
-3.8974129681450886,-1.8921376227220792,1.0
1.6049728474461809,2.253587556783338,1.0
0.46296348024096723,3.820122607346283,1.0
-0.35736025533439175,-0.06256396995472535,0.0
-1.6536669799113373,2.9707666340804275,1.0
1.2755188793236814,0.04188724423598078,0.0
3.162560164955626,-1.2540557092953204,1.0
-0.49480131430444274,-3.0504007670522304,1.0
2.49935114901574,-1.6899069092880987,1.0
1.706934057571563,-1.24141764862447,1.0
1.3837743774369349,1.0357067588444977,0.0
3.4572722351090626,-2.888984327462677,1.0
-2.7861605411013564,-3.9160887768811676,1.0
-2.9755059759090505,-3.2975785650963303,1.0
1.418795587095679,0.947129561362849,0.0
2.184989770997281,0.023400891256850187,1.0
0.4716154126165266,-1.8215530048400792,0.0
1.6819907332385604,-1.9162404730188278,1.0
3.3144395858351006,3.424339682546597,1.0
-1.8884665519159256,1.2643838371634502,1.0
2.381371521930972,-2.2766548589865847,1.0
3.4470840738565487,-1.9533098384930314,1.0
-0.7384112162095535,-0.1433422634564625,0.0
-2.6400068618482866,-1.6845742638679866,1.0
-2.8350202039974564,0.10481073687195508,1.0
-3.140363876984985,0.4984112663506357,1.0
-2.663212091255293,3.1991987805047817,1.0
-1.6050176144596096,-2.3655096481277917,1.0
0.11818773219229506,-3.6010176542709624,1.0
-3.174843247463495,2.0956253116691155,1.0
-0.17738750556810157,-3.0818326526090596,1.0
-0.3768594150733122,1.6823980807001693,0.0
-3.4051389431757935,-0.8705172636042748,1.0
2.276779628209071,1.9324555051051595,1.0
-1.6845671147125225,0.7721867978378647,0.0
-1.9728943941195887,3.284227896759388,1.0
-1.1027104719215552,-2.05376587983043,1.0
2.6064301298191195,0.6401147651241912,1.0
-0.862710573786484,-0.716928072040937,0.0
3.736067474478446,2.0602529901587925,1.0
-1.4672894968788714,-1.7818670137815769,1.0
3.1101315593917986,2.476866019624034,1.0
-1.0489458767167479,-3.4241815076929383,1.0
-3.546728020320458,3.1089738784274905,1.0
-1.063701310220928,3.4577640065231723,1.0
-1.993438314331181,3.35954598744929,1.0
2.2384326028749957,2.9044272504413664,1.0
2.312318035599138,2.7206436342621796,1.0
-1.223768271244988,2.6441466173210877,1.0
-3.6950038138426224,-3.263766932329492,1.0
0.424135190219177,-1.2589761868589173,0.0
-1.958069936416658,-0.12393480538459034,0.0
-2.084015366849645,-2.055315056929987,1.0
0.7191596905338784,1.9646924611989807,1.0
3.1209811473446463,3.3011689576916785,1.0
0.9932234651762082,-0.04345842899099406,0.0
2.9181240408260365,-0.9353197136333762,1.0
3.563608923556859,1.1021432531739803,1.0
-1.0983881775485456,3.755361085884351,1.0
2.5411876654471675,1.1685792823714287,1.0
3.0539978592258894,1.6527691851215343,1.0
3.318849364186505,-1.4925189508262546,1.0
-0.08245557988826402,-1.284831525484476,0.0
2.1308589728060676,-0.8147966728783826,1.0
-1.230172008312982,3.4744853685524664,1.0
1.8860756114226964,-2.176237659148298,1.0
1.5734102333399953,1.1308715326200298,0.0
3.9670323547954274,-2.2735771290065063,1.0
-2.532006492101077,3.41897441155208,1.0
2.912086523229907,-0.6796292368766066,1.0
-3.5467374368544977,0.7898131795480889,1.0
-3.9095670564373943,2.130771521570721,1.0
2.1664255465370976,-3.142659267790524,1.0
2.618868446421984,-2.8681530111935274,1.0
2.9756686170589015,-1.2239830598838495,1.0
0.5077512126406205,-3.5829319397649044,1.0
0.8610944821922635,3.937820279730844,1.0
-1.633554977813355,-1.3176026075412608,1.0
-3.895298799965224,-3.803316269657957,1.0
0.5914011982554879,-0.9178708761232119,0.0
-2.143422242011731,-3.115728473563812,1.0
3.601763581102599,-2.919707647116793,1.0
-0.3471286805754561,-2.5242389165176577,1.0
-3.8382444979158628,-2.995799764433632,1.0
3.6941131433421894,-1.4647227606892192,1.0
-2.216052999780703,-1.7683489896330533,1.0
2.2060209650821507,2.881655383383521,1.0
-2.7166190966356005,-0.8609595272165604,1.0
1.9017920041909377,0.8219536315410458,1.0
-1.7716598573875721,0.9483786236822516,1.0
1.7215799005236816,-0.22774397071455876,0.0
-3.6639749014420344,0.5226766904061888,1.0
-3.875112407137091,0.7533656795157935,1.0
-0.7629884150053137,2.574843119195333,1.0
-0.8225169501620924,-0.6435130012450658,0.0
-1.2009973604729156,3.1233588536534898,1.0
3.0908599852054834,-0.09605549277125824,1.0
2.305680351603746,3.655889339943341,1.0
-1.371611433580262,-0.48277196621433394,0.0
2.8521233882323145,-2.7126398140076358,1.0
0.970238581735499,-3.9355815446700593,1.0
-0.22998253661639811,-0.26732068595494596,0.0
-1.0319957011321685,-3.953521515028707,1.0
-1.9539076990006805,3.6367765795853098,1.0
-3.2721345570943603,3.6268196534979396,1.0
-3.5072084278011495,0.7154137139360435,1.0
-3.4668917080571466,0.6596971333260617,1.0
-0.16732900624658154,2.011142341282005,1.0
-1.275594552266675,2.9545997572316134,1.0
-2.985919756362377,-3.830467417069695,1.0
3.2507856394570522,-0.5298482470218193,1.0
-2.5353035511784325,-3.0064489632658464,1.0
-3.251754238920637,1.1427068310379829,1.0
-2.1058953470305077,2.159698174939641,1.0
0.8339703482334535,-1.3267128539765842,0.0
-0.3665991108978348,2.1341117146137183,1.0
-3.913038542997505,0.3807898041289475,1.0
-2.1953995074700616,-1.6697855900520233,1.0
2.5312707840350708,0.271054901026031,1.0
-0.24376784955291075,-3.040389124226741,1.0
3.6121090017218753,3.606115309250499,1.0
0.2997073858707564,0.30726796911311105,0.0
1.5135219674070592,2.745307072610946,1.0
-2.476472752154053,-3.542158351244483,1.0
0.10683827014482272,-1.5165015393887504,0.0
0.22630200812807555,1.3797167836796076,0.0
-3.7370257004393217,3.397053242670146,1.0
1.7887925273947332,-3.639470294891736,1.0
-0.04277277589102724,3.787196314826037,1.0
-2.6816075124746606,-3.1253799716573143,1.0
3.6006968066272256,-3.4373165435431945,1.0
0.6668549856940258,0.4541388182159052,0.0
-0.5780357057293104,-0.16049028880480698,0.0
-3.8927533436250012,0.5076140076694333,1.0
1.768715238945382,3.1382836575151796,1.0
-0.8542260839228577,1.4121228848816685,0.0
2.4236785148410114,2.81959957202975,1.0
1.3360665844011281,-0.6788499267572989,0.0
-3.8426799030138605,-2.560196303526741,1.0
-1.1110510816744101,-3.0516510717478305,1.0
2.085006114095478,-0.7693573287107096,1.0
0.7542464516790721,-2.14258771414089,1.0
2.6664860617637194,-3.1672406161301403,1.0
0.24714801403591924,2.9797646236352113,1.0
-3.987328843302069,1.4323327620845587,1.0
0.48716512257680655,-3.738377666064748,1.0
-0.3277719584218657,-1.8086779254896932,0.0
2.4452184502382313,-0.32868459694267127,1.0
3.531366774488621,-1.3345867446304736,1.0
-1.9391140432507914,-2.5376818050580843,1.0
2.847146550849618,0.8102512100687775,1.0
2.177956148384034,-1.9636308388571146,1.0
-0.6990977625332242,-0.9998241510635966,0.0
0.003185180066672011,-3.807524770404868,1.0
-2.9067672769601725,-2.9940543096380026,1.0
-1.687332486153819,0.8082806086001675,0.0
2.783155248477013,0.5258295474888124,1.0
1.68782456096931,-1.9534341818891,1.0
-1.107305976581955,-3.388882183399523,1.0
-0.6964941536067828,-0.4280221561385007,0.0
0.9088138305012761,0.033891364605399765,0.0
-2.3837278149875454,-3.7669917330086458,1.0
-1.4008501657732308,1.6392876440408921,1.0
1.9388431304553482,2.589485413823607,1.0
-1.8920660372911788,1.0749565653565663,1.0
-0.7139847130773944,2.0884505082298075,1.0
3.7191227076504054,1.495957871497641,1.0
-1.6561783805325634,-0.5282223254262037,0.0
-2.4861069031144405,-2.2792456259217353,1.0
0.7057377594485734,1.6031871763012013,0.0
-0.979144181567956,-3.449162533530882,1.0
0.7878581109581564,1.0846139770877787,0.0
-0.08281513498416349,-1.0633229166199456,0.0
3.06382715673531,3.540152104241427,1.0
0.5526091038240875,2.3272062566730343,1.0
2.6110030679601346,2.7394971856662202,1.0
-1.89801789107214,-0.3571901616640325,0.0
1.659235871404599,2.025832483042846,1.0
1.478879608376138,3.801582988787633,1.0
3.2364926506143794,3.0697756208622016,1.0
0.5700954163977707,2.213167812484519,1.0
-2.554694312595684,2.449244493569431,1.0
-1.4688292976744162,2.4696191834193275,1.0
2.2659602232189586,-0.3940856772792882,1.0
-3.2052570163441,-0.7816443961102042,1.0
-1.7918595512882858,3.7716365848994835,1.0
0.46519659919304335,2.0627848966319835,1.0
-3.9907717263805447,-0.01149149393073401,1.0
-0.28805578905090634,-1.3813441296781326,0.0
-2.1186986103109238,1.3077528836850023,1.0
2.527348196325942,-0.774778341962187,1.0
-1.1121633000691187,3.991976858740535,1.0
1.3769577182051904,-3.591441408105263,1.0
3.8855109943616783,2.1549059614561026,1.0
-3.015372831706916,-2.741846543953379,1.0
-0.06745653966253418,0.16054305281314019,0.0
2.278550445144047,-2.339535848261699,1.0
0.07294179908958753,-0.17790457321760922,0.0
0.5057780792863289,-0.16083426379014742,0.0
-3.85653314128497,1.73871092707666,1.0
-1.9247971469127885,0.645379502533463,1.0
2.0154154888858553,1.3117968905086013,1.0
-1.3637378930713346,1.9079718908229895,1.0
0.8873990313891893,2.0431067443205118,1.0
-2.7846004994153555,0.9708057647375332,1.0
-1.0689467783512372,3.8239634267960643,1.0
3.054264385439174,-0.3166193537137376,1.0
-2.526940765342464,-1.3539362976642977,1.0
2.9288707530955405,3.086437815290414,1.0
1.2813653537571517,-2.5350009330506094,1.0
3.135638169529691,1.8389746265071372,1.0
2.6752574199166492,-2.106282514673542,1.0
0.619846650294428,-3.9558876933055966,1.0
-1.2071140612764006,-1.689337206313593,1.0
0.9664037851223792,-0.9595707870881744,0.0
-3.7630143901429856,2.184832663990144,1.0
-2.619491649391171,-3.585612653029462,1.0
0.5863794741889281,-2.381253632207029,1.0
1.8344422342851345,0.9427828844882873,1.0
3.9832886148264484,-0.8142962022503033,1.0
3.416710701537644,-3.562205893528395,1.0
-0.4816365565393106,2.471227411351129,1.0
-0.8838778535085146,-3.1328301710611663,1.0
-0.4800516962720307,3.1854056948383347,1.0
-0.6736911548158142,-3.636480282848745,1.0
0.8797693308601771,1.0569131317758966,0.0
3.3709690666749355,-0.16884911212581866,1.0
-0.0073116997944691065,-2.802546287437062,1.0
1.1673084528954947,2.4185245262907316,1.0
2.1414591500521682,-1.9274063621974191,1.0
3.333048414084436,-2.28963706765905,1.0
1.1992426851640525,-3.627892490491475,1.0
-3.106059545007679,-3.406508789459009,1.0
0.17093406847914405,1.4581530553172204,0.0
1.2859077695064505,-0.07708240913938447,0.0
-3.644536994997641,3.4490513477078517,1.0
-2.7284089029822596,-2.933610389538697,1.0
3.9361617115399774,-3.4451553082630975,1.0
-0.3052749824651668,2.7317350816654375,1.0
-0.30249576749619944,-2.1935390145861886,1.0
2.2866006774580994,-1.7647758395462905,1.0
-0.24247233307496963,3.132398264178941,1.0
-2.8785483143868094,-1.8314418001025015,1.0
-2.5896509824796246,-0.4030000064508359,1.0
0.34377602720712375,-3.915734275760369,1.0
3.8590669158218684,-0.2891203780313827,1.0
-0.7992127360073553,-1.600735689230679,0.0
-1.7674261931490234,-0.46604270595101305,0.0
0.20966924978739776,3.5918954049329166,1.0
-1.4636226150816185,1.2771023753590942,0.0
-0.1946857855159303,1.0424794640004622,0.0
-3.446284722497217,-1.4396047770122662,1.0
-3.1501590653773635,-3.6321449099140946,1.0
-3.751493439853416,1.552337910557977,1.0
3.422400179309605,2.7657278953236233,1.0
1.6196764203249172,-0.5067257403020626,0.0
-2.486418603650101,1.8578606743000057,1.0
-0.22665852383328655,3.4875169059960545,1.0
2.2131651842316833,2.4166522310094907,1.0
0.027807581055717456,2.204848901788229,1.0
-2.6090116764261495,-3.3087341154063568,1.0
0.9359534768504512,0.837416859824879,0.0
-1.0386740257243074,3.3904525372579117,1.0
-1.7510944026301285,3.9447652159168056,1.0
0.4086323022868106,-0.6715036323205084,0.0
0.5837287311284269,-1.580987200093361,0.0
-1.2585342493867797,-1.8178517610652145,1.0
3.1283759120227472,3.2203011871891087,1.0
-2.118152201701479,2.6857025180156713,1.0
-0.8749342484039175,3.1999626157907164,1.0
-2.943152390227586,2.6841489210715563,1.0
-3.328999006773416,-3.6569335193887733,1.0
3.3965223397826128,-3.44003769032879,1.0
2.4721585353504825,3.2511620077874204,1.0
0.3540465561361339,-1.1327451458666813,0.0
-1.6660022988346013,-3.5644063513624493,1.0
1.3660073555725845,-0.3066043201304174,0.0
-3.6456672757470177,-1.7378962077259068,1.0
1.9797961266548514,1.3968652258999699,1.0
-0.28492035396325033,-1.202306018224701,0.0
-3.0596884622940648,1.9317464386759982,1.0
2.701322706274964,0.6282052382643277,1.0
-1.7594811817656044,2.9435473469963362,1.0
-2.3820330779953203,3.522586341246713,1.0
-0.45632735670011293,3.1403741450430642,1.0
-3.0120225875692705,0.21942774215377892,1.0
-3.618098212119298,-1.4568160789989273,1.0
2.6363065316373557,-1.707011378130404,1.0
1.366174715568036,2.5456909518976305,1.0
-2.423045593484315,2.738274801609581,1.0
-1.2912872915016793,-2.852860930441773,1.0
-0.11282543782921728,0.5700188223118792,0.0
-0.48472930169317063,-0.35362007578105104,0.0
0.436356583925118,0.6336132883468588,0.0
-1.1151733237591266,3.917377434160847,1.0
-3.0163692879179074,3.5394627267416006,1.0
-0.8775508900887372,1.9034692770491128,1.0
3.141212644374292,-2.2836523426139506,1.0
1.3896717881972593,1.7983204971362046,1.0
-0.950620402022829,-3.585574804881456,1.0
-1.562503317514147,1.0162663009893809,0.0
-0.5408078658088469,0.6804579336525922,0.0
-0.7907765566917329,2.209779540746352,1.0
3.5068815434806186,0.7788303181764524,1.0
-0.15127449108716817,1.0321853140907384,0.0
1.3263974855286147,1.1230503857855165,0.0
2.7937658703835693,3.914018836777573,1.0
2.3675798830259973,-1.3030368677599036,1.0
2.015638360470221,2.1430786496063883,1.0
-1.2257971118851474,3.081385678519448,1.0
0.3314098690835676,0.19351177642273498,0.0
-3.1202728865329785,3.9134011069598085,1.0
-2.024468306217331,2.995741266014501,1.0
1.9558758085807355,-2.1730365733253016,1.0
3.222188773628054,1.8270468608629864,1.0
-2.01875770314565,-1.1865520932977631,1.0
-2.44716670465416,3.1345047280207474,1.0
-2.2918246143196344,0.41197082810011754,1.0
-3.4722168241546187,0.5002303075316092,1.0
1.625873231689181,2.3534180130995646,1.0
3.8571725818228435,0.6953661142929981,1.0
2.6541669806963224,-3.4768660122349866,1.0
0.7343693821733126,-2.9836161979605533,1.0
-0.6071131193251151,3.783449576741271,1.0
-3.517113450455728,1.7240345933354693,1.0
-2.2200863491812086,0.4598851055046991,1.0
3.513137610347669,0.9092058450927683,1.0
-2.9684330761427757,-3.293495157796917,1.0
-1.7989758729224583,0.5362402369861918,0.0
3.394241945213465,1.4245025188245135,1.0
-1.890480366648175,-2.9398158446046265,1.0
-2.255495077105537,1.050817089107051,1.0
2.29183395013992,3.4572026756573146,1.0
-2.939319944913752,-0.9102317278810617,1.0
2.6308510230208224,2.1887845665042613,1.0
1.0558458125305688,-1.0589708394492892,0.0
-0.6215573304700746,1.2882098147372671,0.0
0.48363341326622944,-3.6279686423413056,1.0
-3.3280245729762505,1.0065587917938306,1.0
0.3785237869138056,-3.7612775578217352,1.0
-3.920274491375534,-2.775339252762797,1.0
-0.3767975708653495,-3.1882580869075827,1.0
-3.919456795975642,3.7252415103631424,1.0
3.822854007374648,-1.7822106858270814,1.0
-3.9055866316796353,0.22683196122236104,1.0
1.6062640407216477,-2.688631261521598,1.0
-1.8842358359353826,-0.19021696830602686,0.0
-3.0798620757403317,-1.0228910615491422,1.0
2.01587703634509,-3.5559365201607376,1.0
-3.9134328598416737,-1.519451225074529,1.0
-0.15704624964597347,-1.395741770989921,0.0
-1.3184926248279902,-1.864555518423229,1.0
-0.4758188896183251,-0.12582791869036747,0.0
0.25063580916754713,0.8649739172887303,0.0
-2.528724346323969,-2.6961371666341254,1.0
-2.8933362630061685,-2.269146278806226,1.0
-2.993427822528247,-3.8055794960891234,1.0
-3.064020676555544,-1.0652086687441367,1.0
1.5179313086032709,-3.7728372356292175,1.0
-2.941995803833729,-3.238621671605647,1.0
3.167156315046043,3.2257860675673085,1.0
2.353455969720666,3.4820208434680637,1.0
0.33628817403954425,0.39323532750769274,0.0
3.502859699423288,2.668602956241104,1.0
-0.8978962125084182,-3.762174409168609,1.0
2.8249874305216673,2.4220404091186065,1.0
2.4764221902937553,3.3957105217798134,1.0
3.1471768777033278,-3.132541869478972,1.0
1.8427120915329018,-0.149474049200637,0.0
2.467433026527094,0.11114421627567239,1.0
0.00651629876020543,2.4643917604188257,1.0
1.8167089904559042,3.636957121105124,1.0
1.5999959561201553,-3.599990483149675,1.0
-2.781006559564257,0.7643974352383571,1.0
-2.9429095557374305,0.7724301820415009,1.0
2.5674262685303244,2.1979800189473684,1.0
-2.2453593924170896,1.2881169472520426,1.0
-3.985993599569837,3.237619633143222,1.0
1.9942816969819406,-1.112064964172225,1.0
3.9957348973017606,-1.5747452818099301,1.0
-0.2917193310931028,3.4349750973452506,1.0
1.104206745587403,-0.7396153193054777,0.0
-2.969704985256225,-3.196566740460036,1.0
-3.164436525627422,0.3766248032997108,1.0
0.4598147442267102,-2.4589369708343627,1.0
-1.8482163392692765,-2.8515310769664506,1.0
-3.6923532518037696,0.7950699795198659,1.0
3.673998610270985,-0.5557883120369889,1.0
-0.6723152905823717,-3.0549693549810018,1.0
0.204014502210776,1.9201835973455559,0.0
-0.16731533367998086,2.479081139589237,1.0
2.5708886057293956,-0.3058130825481111,1.0
-2.857929344277508,-1.081960547608622,1.0
3.3188366959546736,2.3689801817829688,1.0
2.8753382025847403,-1.1632565177301117,1.0
-0.4717139476684782,0.3815288311902334,0.0
3.900564992592358,0.1284931670789895,1.0
-1.3179925936137566,1.3309675222688302,0.0
-1.156158810036584,-3.143113476931349,1.0
0.6287647990600762,-3.9765898611323953,1.0
-2.5443940612560514,-3.234309605914544,1.0
0.7852253707655175,3.367360270201817,1.0
1.0718791387197157,-3.585074682307683,1.0
-3.537882598633642,0.14541193340982694,1.0
3.317237268221324,3.45983757252976,1.0
0.39863225845998773,3.3231593439507368,1.0
3.183565443101341,-1.6343989457244135,1.0
3.529380587777178,0.15086984103109025,1.0
0.1663737489726973,2.4983651674652636,1.0
-0.010992251409615683,-3.4604292868505633,1.0
3.428951541481231,1.8979346660507845,1.0
-3.2066548743692316,-1.6720505321768453,1.0
-1.3637371854211766,-1.9166607407820972,1.0
1.8161419724896222,-2.719419292849481,1.0
1.9750890217423054,-2.590788890330983,1.0
-1.9811192190445857,-3.22203919070253,1.0
3.995510397525069,-1.6832817270156912,1.0
-0.2372828077755864,3.322106636333327,1.0
-0.20445687044985572,-3.3219729602112764,1.0
-3.2819053247539793,3.356516788234491,1.0
-0.6773292368348809,-1.7033675062292222,0.0
-0.10175222591885369,3.7988016742317683,1.0
3.176161166469587,2.3391871806559372,1.0
0.7671359471769756,-1.2888938476053982,0.0
1.519832723014721,-1.3419453750910693,1.0
1.4605725467004635,2.086768997764225,1.0
-3.5598103004589765,1.5649089655342001,1.0
3.4992011937187666,3.8842023909703842,1.0
0.7395208822051513,3.9400890774479667,1.0
1.5266987037850823,3.8061192556794676,1.0
-2.074350584457373,0.7458077410947492,1.0
3.755466774986603,-2.6589353300878393,1.0
-3.6328050418019746,-2.886099960782298,1.0
-1.3290705837774563,-1.5716637247266991,1.0
1.6606862215854576,-1.4469637019669275,1.0
2.2541898650597316,-0.30211950939792587,1.0
-2.6222501418704462,-1.9448855199860615,1.0
-3.442468858772072,-1.6605097655867471,1.0
2.639707266198916,3.072913451768856,1.0
-1.4361122283569907,1.1593012113479428,0.0
2.477518161917442,1.4975570067395214,1.0
-0.8105062059417163,1.3808310849597083,0.0
-0.8190320069851103,-1.090369801627678,0.0
0.7529621357468761,1.2219776972992058,0.0
-1.1947864975118758,-0.6363753845963007,0.0
1.1501783478072047,-1.7635967749392227,1.0
-1.7883394819527503,2.222925395939039,1.0
-3.8465405928288483,-2.598249637629232,1.0
2.5625640444579005,-1.289236538165011,1.0
3.809499085561381,1.719540518332754,1.0
-3.8845776490559656,-3.3788011983298363,1.0
0.28161212486392895,2.291742145813073,1.0
0.9831834630124634,-3.338002189936833,1.0
-1.97437318181768,-1.6853779606713246,1.0
0.7744112280725632,2.4617392304518138,1.0
0.4289165232491623,-0.45862214614399655,0.0
2.1496343355596785,-3.4360584665042664,1.0
2.5894853915919693,2.4622970317099773,1.0
0.06337708240153184,-1.5939435397406339,0.0
-1.4737902971532133,-3.893255230140224,1.0
-3.0807622253144498,3.4324342148871487,1.0
-0.7429209848238321,0.7721744036895704,0.0
0.19946597201840355,0.6299052440756956,0.0
-2.2948167196254934,-2.0659407734926676,1.0
-2.9241556517372063,-0.35412819480853663,1.0
-2.356276715663527,1.5338260026280475,1.0
3.5225380762826477,-1.773552364592799,1.0
1.418219895676101,1.5172725904828352,1.0
-3.90050021387499,1.4470868652491875,1.0
1.499884486301874,0.4927756499008007,0.0
-0.28223981520104324,-1.7140444885723136,0.0
-2.3418599370199775,2.41515493811351,1.0
-3.824148943811032,1.0755511766689265,1.0
1.0977111411230007,0.9030569535266881,0.0
-1.0125334764975626,3.656374703606799,1.0
1.969562198125856,0.8256566114896771,1.0
2.5619807151095264,-1.6021373972779642,1.0
-1.103489732131842,2.9816356479513457,1.0
1.6493636048085039,3.445699946599529,1.0
0.2965572069910696,-0.9627977112794044,0.0
-1.5316338395263154,-2.0614234546016696,1.0
3.765544896075757,2.01774407768297,1.0
0.6996646532618414,3.516230135825671,1.0
3.6288002447319245,-3.346997604911487,1.0
-0.2877594395134784,-2.4881376219392726,1.0
2.0026600950318354,2.0770586037385135,1.0
3.375375741558411,0.5515776676653035,1.0
-2.3535529558778165,1.4223416445213486,1.0
-1.556644912819551,-0.4975594226987212,0.0
-3.6350343827854354,2.134165719337777,1.0
-2.9114900426197163,0.9100715348172077,1.0
-0.1491625192664161,-2.882742559508758,1.0
-2.054359400191262,3.241785463022011,1.0
1.4060796238359865,-2.0096804326125275,1.0
-3.3558457785957643,2.8610541262205995,1.0
2.843978181334503,-1.414297918006933,1.0
3.0572502375791153,-3.8032019233773084,1.0
0.5321443878672225,0.874750388637195,0.0
-0.927291684793567,2.3846950685480515,1.0
-2.5545767241116435,-3.1790789658675846,1.0
2.4167478939739055,2.34577618529274,1.0
-1.6045020881509524,-2.2720759263274486,1.0
0.11201352936806863,0.9708965129903282,0.0
-0.41472003548993897,-2.8458161070001147,1.0
1.0134034681234665,1.2183489459119752,0.0
-3.7334095051700276,-2.9086259525609135,1.0
-0.9683840406142217,-3.6866358312538567,1.0
-1.3604890833859233,2.677885796970644,1.0
3.6254904728613786,3.921294373050743,1.0
-0.73664135664397,3.8512260943881973,1.0
2.26825540935827,-1.3323327258230755,1.0
3.3177380189580328,3.701912235275503,1.0
-3.069194964770139,2.092653368185604,1.0
-3.1251125714226307,-1.9446387014281274,1.0
-0.5950514150080268,0.8496089547660235,0.0
3.0858725229645323,-2.484859676867459,1.0
-3.632174194382306,-3.5420885920300353,1.0
-3.8285250705643588,0.7757565458898084,1.0
0.6974349694632469,2.4990349879344107,1.0
0.28085114038551495,1.1666611320336528,0.0
1.701777421373965,-3.7040206893204095,1.0
0.5782746959013592,3.986746043640781,1.0
-2.254570707648872,1.4195424272977055,1.0
-2.732795657110497,-0.08359802020711893,1.0
2.4762747640575267,1.1429634248833072,1.0
1.7871537612250528,0.1754160338014774,0.0
3.6990745905999702,-0.07052761090632398,1.0
3.6775774010543456,2.8845750033204505,1.0
-0.7316363750432036,-1.2504205167378881,0.0
0.1757927148358922,2.002728717744458,1.0
3.9504345744865974,-2.618143281342088,1.0
-0.2694643034541926,-0.6388055614648973,0.0
-0.10880267666870491,-1.5439760851907138,0.0
3.1310259417880744,3.328359331369283,1.0
-1.4253969961719202,-3.7664612680489773,1.0
-0.9512563757362491,-3.4023523740934216,1.0
1.0052347080144814,-0.47274702653015765,0.0
0.462070027758803,-3.0308581683036833,1.0
-3.2255343212518826,0.6427724589880439,1.0
1.2812756812923203,3.198217121831725,1.0
2.647746614091238,1.8197633667005988,1.0
-0.7751880426177955,-2.859427104212596,1.0
1.7220016580540483,-3.708065858246967,1.0
-0.4500698963231313,-3.4286200878510087,1.0
-0.8722579634635217,1.4882962082753455,0.0
-3.96032123011382,0.18041072909246036,1.0
2.275066318244808,2.914889457338469,1.0
1.0684198782089744,-3.1590125032335,1.0
3.253897471362123,0.6096215491516421,1.0
3.584164647837972,-1.7294897387474828,1.0
0.07471874987618676,1.49212862751118,0.0
-2.798073093421001,-1.0967760209936035,1.0
-3.199155491559033,-3.277529779956513,1.0
-2.550847737296822,-3.6767244309727545,1.0
3.2543109633355796,-1.743910340794157,1.0
-3.2773053978350157,0.7849822485717519,1.0
-2.9360473341703637,3.794688916474784,1.0
-3.5985540355131747,-3.6541147877916096,1.0
0.9233218053590697,-0.455908781214017,0.0
3.137326604022384,0.24785147179062772,1.0
-0.44328051045195593,1.7679521546056733,0.0
-1.0182217945400707,-2.4625958169396833,1.0
3.799571244096934,3.9895516789803276,1.0
-2.2764027151882917,3.2481131179789964,1.0
-3.970822803462121,-0.8284710429162425,1.0
-3.2774111111772237,2.6751027582559264,1.0
-2.858804360145796,-1.1927883497079588,1.0
-2.321959104446564,-0.09008304112933807,1.0
3.6054923884593197,-0.5657515052267437,1.0
3.8310702119229596,0.3577716552235053,1.0
-2.3387967394952947,1.5893800122764112,1.0
2.2250876125988244,2.9784284453529297,1.0
3.971271531876833,-1.4501110215136075,1.0
-2.4866733214206276,3.222483904428308,1.0
2.1948188021705235,-1.3820851163301366,1.0
0.5807218405916501,0.7695191436921389,0.0
0.9856501691954493,-3.0845140240510354,1.0
-0.18265947969183127,-3.0753136623614505,1.0
2.7606585947138393,-0.2717828607076811,1.0
3.3198715422318816,-1.9753370044583898,1.0
-2.0894056852976126,-0.7346058003653253,1.0
-2.0606072634674275,1.0492576440218606,1.0
-2.790298583108294,2.6572556882021354,1.0
2.570112809922734,-2.7161886115212477,1.0
-1.6319214176912062,2.576138033261043,1.0
3.558596990078067,-1.3186218084353518,1.0
2.047584406442394,2.42528120885288,1.0
0.6510420269061035,-1.9420631649518745,1.0
1.3762870090558144,0.3099757937181229,0.0
3.4425979895556633,0.1962824525276332,1.0
0.7249743621464821,-0.8102024379711814,0.0
0.5059462755804587,-3.704389842317548,1.0
3.071751093522142,-2.5370674473262227,1.0
-2.3376042833635156,3.2394357964855347,1.0
3.931103893644492,1.5887782135151802,1.0
-0.8044766861072539,2.6240666378110404,1.0
-0.054291507282225204,3.1426844842766677,1.0
-3.4324339197074236,-1.59850319413865,1.0
0.61871273610996,-0.21325504139413454,0.0
0.9492606427147621,3.421409043402237,1.0
-3.808197568268815,-2.47050225629389,1.0
-1.8996148493104048,2.902424325988812,1.0
0.3779428260080948,-2.1368106739738346,1.0
3.9514719830500624,0.0793716372537494,1.0
-3.289463229716773,-2.063884201282673,1.0
-2.974801711014198,1.9267426836774773,1.0
-1.9916617915144172,-2.0720682032260136,1.0
-1.9894423460074933,-3.094732679745161,1.0
1.0632736221868413,0.4211115307872566,0.0
-0.11785818505446866,-2.2428818401971222,1.0
0.0896571526857004,1.8062678498703182,0.0
-1.231814102386112,-0.9883059799055447,0.0
1.7689104262052027,-0.6103380209318061,0.0
1.4933257172801984,0.017640944669785164,0.0
0.08391741104075212,-0.3277073270309012,0.0
0.6620888635396938,-1.9877007219320353,1.0
1.7293395079047817,-2.1842145838626728,1.0
1.6660400232982742,3.7358052889213784,1.0
3.160288645696971,-3.778179129020078,1.0
2.656954186427355,3.1569273965828053,1.0
2.9932134172675946,2.561552654026305,1.0
-3.2123258080206565,-3.5475931271599235,1.0
-0.8618682868580585,-0.8689775716512296,0.0
-0.6752424259180643,1.5892819208364068,0.0
-0.3791755674913322,1.295748086355509,0.0
3.834205243166978,0.10162664861550752,1.0
0.22056121381185356,-3.868761245370468,1.0
2.2525045336963387,0.37629071554420523,1.0
3.2435319533595424,3.42928587031927,1.0
-3.0764466372980452,1.1703963964532687,1.0
-0.6246597134404448,-2.7076476692115232,1.0
-1.9398766513363919,-1.3821454941922093,1.0
3.024392992206229,-0.07538590339212181,1.0
-0.4148413863254392,2.356054105891393,1.0
1.976809718333441,2.911083421734781,1.0
2.348872749154168,-0.4304249491907184,1.0
-2.5235242068553765,1.6173828808530555,1.0
2.095106085585525,3.6247569587235366,1.0
0.1897480285256785,2.728843214292704,1.0
-0.1677162557121079,0.10864029385406049,0.0
2.238578158245317,3.7247655613476836,1.0
0.8380453199763558,1.5556698694358504,0.0
-3.268918416349762,-2.8869861516187783,1.0
1.2915163476950493,-2.6008699967384086,1.0
-0.9303683301243559,2.3724251294194616,1.0
3.9134351563396894,0.7378121821234904,1.0
2.6805276540127183,3.8497621718376136,1.0
-3.093568126413224,3.1012896213472283,1.0
-2.5637875862064217,-2.432355679009431,1.0
-3.639669139184063,1.1105767738399672,1.0
2.2240656835384183,1.2896595137859608,1.0
-1.6091222034460477,3.745578576002859,1.0
-3.0409587520529247,-1.1026221766424857,1.0
0.4887661252996054,-0.5259619597222107,0.0
2.867679728178752,-0.5711230070652302,1.0
2.20300140018165,-0.32824475495790306,1.0
1.3862510485058586,-2.48010276360226,1.0
0.35735294839640996,-1.1711539789322547,0.0
2.7795909089657806,0.10706043278714272,1.0
1.0240074091558924,-3.969826728423687,1.0
-3.7750780235320587,3.5975925882773394,1.0
-3.372903913126043,2.9805869867472747,1.0
1.5481973496595955,-0.6050774609020095,0.0
3.538025054398587,1.2665235688045708,1.0
-2.9979269858286015,3.631819801101548,1.0
-2.461715727305216,-0.3390604327935831,1.0
1.764717344602702,-2.619803438023239,1.0
-1.7777981591176246,-3.041014458455332,1.0
1.4050147558713677,-3.1017774051290363,1.0
-0.6256697305066465,2.9611701422904257,1.0
1.6521905718898608,1.0695530926955152,0.0
-3.064071121832062,2.9830056146623214,1.0
-0.14061360102216458,-1.6498222573606167,0.0
-0.671182892744568,-2.8751724119414988,1.0
-2.753118682101774,-1.4715964512772528,1.0
2.774174244338173,-3.3408311006992273,1.0
2.651875987056238,-3.853559015532162,1.0
2.0656798655517967,0.17652892889294947,1.0
2.8353119906296804,-3.8942848837930546,1.0
-1.8181399201171944,3.5732121411418376,1.0
3.880204127653717,3.814348244245905,1.0
-0.8149282064989061,2.601793450219099,1.0
3.221611008570812,-0.3214051704746028,1.0
-2.201558170410552,-1.9655940803314067,1.0
-0.9855776404268601,-1.3397346131347527,0.0
-0.9419525871396077,3.624156769080807,1.0
-0.4231524071620205,-1.227910938051708,0.0
1.627651939225859,-3.3965392811546025,1.0
-2.4617450475140483,-2.4388730690620175,1.0
1.8132664336044408,1.4440486973774735,1.0
-0.6583764897831754,-0.2914837029026973,0.0
-3.1297611538850436,3.588106203170466,1.0
-1.5849296589988038,-1.061476332614597,0.0
-3.655385762217618,-1.1412018378723072,1.0
-0.36609502946865025,3.517744430551991,1.0
3.9315831187926413,1.6834514469729447,1.0
2.2453893253677135,-2.9297287705413586,1.0
1.667887360041143,3.514573582048687,1.0
1.2683366746824767,3.5733379442161253,1.0
-0.4431554401248743,1.5065725040791396,0.0
3.396679929223361,-0.5649210335539241,1.0
-2.9330667672106205,2.5287517057149262,1.0
0.03423264228876555,-0.6512746753143102,0.0
2.185980675071641,-0.7277372053131002,1.0
-0.07330834012892051,-0.1580905811614004,0.0
2.1062277137985097,3.9726445276672804,1.0
-1.9006072039713144,-0.005836675491419641,0.0
-2.334472371601466,-0.6735650367067008,1.0
3.6909695780679,1.2797957723473559,1.0
3.4363409602068593,-2.9610591851848094,1.0
2.8769091346479385,-0.17713485404626006,1.0
-1.800153629372665,0.872215280829522,1.0
0.33244312933973674,-2.938496265261678,1.0
1.2180986879730904,-1.4727780945813684,0.0
-1.010664004630625,-2.537201155610372,1.0
1.3259878736564659,1.218256926757281,0.0
2.6272854148222047,-1.009002981470518,1.0
1.9898835299142936,3.0946812418480496,1.0
-1.7571108033875777,1.6713426822807538,1.0
0.6285458276769305,1.853700251682735,0.0
3.1488968194303064,-2.1447935620081564,1.0
-1.3031007779328236,3.0817776994631334,1.0
-1.9776309868196238,-1.1025576643429709,1.0
-0.16037920008412154,-2.332274451703408,1.0
-2.502508693246071,-0.6350983933344567,1.0
-1.1607143878474036,1.038618508896545,0.0
1.4157597178776573,-0.16772116157896555,0.0
-2.9536555470808548,-2.4309665951357884,1.0
-3.9831815555830454,-3.867528989644171,1.0
0.8834347638782134,-0.4603873204569009,0.0
-1.1805742860114936,-3.1560157303506804,1.0
0.14022956060720482,0.9776713847991081,0.0
-1.6786933208122656,-1.3793138055292316,1.0
3.5654558449860856,-1.638420047277016,1.0
3.4770298646949636,-2.2082608759387705,1.0
3.1017014270289796,-3.2338752238277415,1.0
3.777633423129128,-2.0877100087896903,1.0
2.8405880059237427,0.9159536300065323,1.0
-3.7986404025914595,1.492405243016023,1.0
0.7490360451412155,-0.40146974754639597,0.0
-0.8972064439707728,1.8495968080085934,1.0
-2.570332980520904,2.241264604746932,1.0
-3.8617701519890018,1.8278128748840414,1.0
-1.9755789677159772,3.7506078430396856,1.0
-3.8173638073584106,2.191884769505439,1.0
-1.3818914293994693,-1.5817571543557465,1.0
-3.630467089129966,0.41824073358544656,1.0
-2.5282435695629157,-0.04445757935635619,1.0
-2.038187016282989,3.3884233963700803,1.0
-1.8285303602579415,-0.559751313388265,0.0
-3.8140065403034367,-1.1302534683588839,1.0
0.51366788742442,1.5139488500650033,0.0
-1.0128825531249923,-3.7205976436380084,1.0
-3.169566067238649,-0.23686744483854838,1.0
-3.5111296606798277,-2.823793092701683,1.0
-0.515110456834643,-3.597832034488957,1.0
-0.5366972145441258,0.16626442233184147,0.0
1.5779318163641305,1.2299667307140112,1.0
-3.2212137583334783,1.6921474554952471,1.0
3.443407523277532,-1.8031616815659275,1.0
-2.8301025706579637,3.271863805348173,1.0
3.3148251716181187,-0.9018236752361348,1.0
3.575497927764726,-2.7224526279336416,1.0
0.7228078232172575,2.235972740844897,1.0
2.7817072005715184,3.8867285387685575,1.0
-0.4738517625677856,1.3352933033116745,0.0
0.35407111262033286,2.674409375642477,1.0
2.3508375016009024,2.5066190836527538,1.0
0.15653097077906608,1.8377872724612407,0.0
0.31004791833768586,-2.4685608784241815,1.0
1.3105810208084474,-2.6244253946016274,1.0
-1.1519553578426223,0.4295277969077409,0.0
-0.07027153323698432,-0.5463003117008558,0.0
1.34539033095448,2.7250865192084763,1.0
-3.3868389173379025,1.6845066541726368,1.0
-1.7001158777346408,-2.3867842141334403,1.0
0.5472652079017442,1.8080481721704817,0.0
-3.8112933550293757,-1.8905296496022341,1.0
3.6856787140500487,3.523950448144543,1.0
-2.226479519798687,3.343329907156974,1.0
-2.747532484182039,-2.252528518930492,1.0
1.106672376217035,3.0879894679089075,1.0
1.1854109728800646,-1.654439035126165,1.0
1.6825013728610871,2.832556754258582,1.0
-1.0120146509854324,2.4151019399568874,1.0
-3.235409834607836,-0.2675637713804244,1.0
-0.8723190906890883,-1.799157178188218,0.0
2.8334384116247584,-1.528011501986378,1.0
-3.1640749495567775,2.4258564742586124,1.0
-0.6051572300825692,2.0002261263720236,1.0
-1.116488758194051,3.607823766372813,1.0
-3.069365108267699,3.637522750923533,1.0
-2.097474622979715,1.540031645028007,1.0
-3.372999969012487,-3.426522416635108,1.0
0.28440710963589133,2.4231113286779014,1.0
0.3663561750804858,-0.2200422770860362,0.0
2.1769298978549463,2.5651299497253817,1.0
0.3451790937387056,-3.5864901351828715,1.0
1.4755551653023256,3.9434520913231825,1.0
-1.0445752216835693,3.0857980980946698,1.0
3.3876863436703983,3.856294216111647,1.0
-1.1029647576249157,0.07996551318319423,0.0
0.15603224836883456,0.30445562934307535,0.0
-2.66668896694648,1.9682617986935709,1.0
0.23772901663146762,1.7857615410349714,0.0
1.5435438627564464,-3.557047624760857,1.0
0.6442815930422121,-2.726044936283893,1.0
-0.49489218804521506,1.7867926136825023,0.0
1.5072467983307263,1.8448630828952242,1.0
-1.8756636929632036,0.6967236115280562,1.0
0.7451931361342394,-1.1330775901644508,0.0
1.0962617690635295,3.2529064305651954,1.0
-0.32531148216046546,3.8986065896739435,1.0
3.921611092243528,2.3776746223408622,1.0
-3.902978992665034,-1.978007434522599,1.0
-0.9697417360184089,-0.16520402526002442,0.0
-2.796602608526885,3.6427863838276533,1.0
2.317106694305295,3.0553491118409912,1.0
-0.3382331239951082,-1.9484984417763043,0.0
3.440272013714221,0.2253863779633516,1.0
-3.851960809522593,-2.6900833665704935,1.0
2.576271749983447,-1.9306376661636868,1.0
0.4554717178561818,3.0804657249539806,1.0
2.1220593384756423,-2.357326986773753,1.0
0.07129632756995719,1.3433245366829096,0.0
2.7247460392562832,3.397900835510991,1.0
3.5343443767806475,-0.07531158938508398,1.0
2.3155502359482094,-3.1672459097511494,1.0
2.9354353394613613,-2.6203412719698065,1.0
0.15939606608383627,-1.581103088246615,0.0
0.46731610958016034,-0.36395545135075924,0.0
-3.589110678168524,1.682459844263331,1.0
1.4655156593465817,2.542206182159288,1.0
-3.3361610230652623,3.2668724010624803,1.0
-2.9302405643057368,-1.9272414894807204,1.0
-1.8772503707787687,2.6467270342483378,1.0
1.2815172833034438,2.080081662132316,1.0
-0.7105323487643531,1.433160616714921,0.0
2.8420880676560296,1.9773822356074149,1.0
-0.3183062210630032,-3.374714693972865,1.0
1.0776984919645036,0.8562707773722762,0.0
-2.577300012466626,-2.1198515134590386,1.0
-2.1801900709120376,-2.134307284520167,1.0
-2.966400199943924,0.4901388055223377,1.0
2.888517955336442,3.0212154612188282,1.0
-0.19299256160474698,1.2146089876467467,0.0
-3.8174485095154447,-0.29213205708710266,1.0
2.2641989250072694,-2.4747165966535514,1.0
1.8844398448610509,1.3270133333363257,1.0
1.9698355974062665,-0.7932269659860856,1.0
-2.2968690736658077,-1.41996317162541,1.0
0.2793962673625394,3.969205444121396,1.0
0.16432391762263077,-2.2535050110716544,1.0
-1.197475660021463,-3.3290169985989495,1.0
3.2169843492391363,2.266233888348463,1.0
-3.8451874135284028,3.4492319515963556,1.0
0.6076939814315887,0.3773376707274032,0.0
-0.6945851822782139,-1.3872132534815291,0.0
2.1137514127982326,-0.09288524951792176,1.0
1.616405244023582,-2.984890458880802,1.0
-2.014303630676557,3.709720887175539,1.0
-2.25343814640388,-0.43384493994221796,1.0
-2.456518850852599,-0.4557504442933391,1.0
1.6108622169053959,1.6399740670154879,1.0
3.771710202929663,-3.8641549859486553,1.0
0.4728152456075536,-0.2978282577383027,0.0
-0.8544750441455946,-0.7952295617156047,0.0
2.0998959324121405,-2.831062372177735,1.0
-0.8957336767979083,1.1952427938113912,0.0
1.9169305892417157,2.80846177857482,1.0
3.255982442847846,-3.5394669606350204,1.0
2.0971569186584853,0.8316068918036947,1.0
2.360607382925312,-1.0667555945319167,1.0
3.278544038395494,0.6051937490522601,1.0
0.8250812559159106,-0.9859810670149773,0.0
0.12836425024646925,0.8308872811644754,0.0
3.449102670767541,2.0406719954099017,1.0
0.004954958908243157,-0.6883385407916567,0.0
-0.2411181498005721,1.232022303803948,0.0
-1.8762665539717522,2.6549749661983215,1.0
-3.2600745882603217,-1.8801679458130875,1.0
-0.7512643310215692,-2.321458636337608,1.0
-3.5486144058830904,-2.8336201518430535,1.0
3.9325483732867275,-1.935327098982456,1.0
3.7411393798734496,0.059461879638663895,1.0
-3.6236959511754305,2.478306815217608,1.0
0.44155381238687674,-0.7252791057610732,0.0
2.1818316460813385,1.8847033230950352,1.0
-1.484254391984388,1.98629208531161,1.0
-0.3721379683731154,1.1536429919136548,0.0
-1.9509743982838685,2.070162248794717,1.0
0.33806271567278756,3.6960039800776556,1.0
-0.8767693878954619,-2.6329305719199683,1.0
3.6053375532631966,3.1205986307089804,1.0
-0.18941558196280717,0.6066927166964824,0.0
0.9370091292841218,-3.5085912212469905,1.0
0.1403254842070476,-2.089938456306717,1.0
-3.3212764105638994,3.413645496878524,1.0
1.0969825304090612,-2.394190704753756,1.0
1.2668501877072753,-1.9671310000113165,1.0
-2.1888975341396524,1.904965591367647,1.0
3.353527729215185,0.0009988501320004062,1.0
-2.152396892852649,0.16345450198088152,1.0
1.6880777092003143,-2.082912475417726,1.0
2.92385871734976,1.4517185286942915,1.0
-1.3518147085207444,1.039111934474306,0.0
-2.0098831485132234,2.2762143794630774,1.0
1.8878615715671394,1.9350081642187051,1.0
2.746413120428153,-2.307965694801787,1.0
2.2189090415099937,1.078636637510539,1.0
1.3745560138680268,1.0222139506389567,0.0
-3.96131670998205,2.8742903168105967,1.0
-0.3060266006096768,2.746265679783548,1.0
-0.05758090365803703,2.1442202939874067,1.0
2.133159608569562,-0.9806193973148734,1.0
-1.976023502479717,3.9274945485065302,1.0
-2.69103819678808,0.7244069166830469,1.0
3.1324766356636786,-3.8564639271098162,1.0
-1.0287175535161426,-1.0248646572859226,0.0
3.101522472902375,0.4647179066925968,1.0
-3.7332381233845613,-1.0934281641441075,1.0
-0.4326731049713235,2.6280250361741606,1.0
1.9326706848630693,3.9417871148630983,1.0
-0.627768386322705,2.184836681167927,1.0
-3.984520142576053,1.932346454171868,1.0
-1.4084388703401256,1.6518488136581944,1.0
-3.9332818094623807,3.4562238298133794,1.0
-3.495981990640769,-3.653201032945648,1.0
-3.629510628810878,-3.7730528813740163,1.0
1.1939933334211927,-1.5683711621924648,0.0
-1.5418343942931747,-0.3090265048371057,0.0
-0.6640394427917959,-1.043953192170994,0.0
0.8541920821298064,1.3926817077214881,0.0
1.6784057814367248,3.9641069923231615,1.0
3.0362519056603174,-3.6297084548598972,1.0
-3.036724836791355,-0.05410897888265609,1.0
3.0209170646668975,0.11233792724522207,1.0
0.27362126029988865,3.532304166367191,1.0
0.055152780673098256,-3.741205530113171,1.0
-0.784507976221799,-2.3381670723107657,1.0
-0.29849614629660604,-0.02429855415251314,0.0
2.6967148890086836,-1.819391710589807,1.0
0.5909383083698101,3.943230339434643,1.0
3.042625917620385,1.0920910370651162,1.0
-0.6016554519300943,-3.5978478302727313,1.0
-0.47436925707608335,0.3230992527291088,0.0
-0.21349399347863507,-1.4432645747527948,0.0
1.9451913548825868,1.7201947940660203,1.0
-3.3071971579117347,2.086349852421348,1.0
-0.9789338372851359,3.7377233962431804,1.0
-1.1676895641833767,1.5901181516646163,0.0
0.5275901050682306,1.323724114058649,0.0
-1.83077041324107,3.828767432711386,1.0
2.97417973943495,-3.1912065489630557,1.0
-1.6212659445869875,-3.6060769973769276,1.0
0.45211201895363295,1.4262203799062725,0.0
-2.5760253695964446,2.216176771800054,1.0
-3.856621288124459,-0.4034159062520164,1.0
0.533942121695433,3.1843484135097793,1.0
-3.227862355386132,0.08246058867090156,1.0
-1.4268797001270395,-1.638259893851771,1.0
-0.5343970141318133,3.194089747045439,1.0
