1.0,0.0,0.6083765775501759,1.0
0.0,1.0,0.2375702265454298,0.0
0.0,0.0,0.09309743549103366,0.0
1.0,0.0,0.4672114945834832,1.0
1.0,0.0,0.446157682147178,1.0
1.0,0.0,0.39779943242142635,1.0
0.0,1.0,0.16248936278295378,0.0
1.0,1.0,0.3544969139322409,1.0
1.0,0.0,0.6138421953193993,1.0
1.0,1.0,0.8825263758570586,1.0
0.0,1.0,0.15475776883876158,0.0
0.0,0.0,0.6116086286070072,0.0
1.0,1.0,0.6629816144971425,1.0
1.0,1.0,0.2957781652689616,1.0
1.0,1.0,0.7771947896772384,1.0
0.0,1.0,0.7890180386653247,1.0
1.0,0.0,0.33547053222936307,1.0
0.0,0.0,0.5550925756311171,0.0
1.0,0.0,0.29297633653907074,1.0
0.0,0.0,0.9943344182991216,1.0
0.0,1.0,0.27182144340258463,0.0
0.0,0.0,0.277712830334623,0.0
0.0,0.0,0.17176165845029145,0.0
1.0,1.0,0.8558064428883206,1.0
1.0,1.0,0.5822102839225294,1.0
0.0,1.0,0.2759049893123393,0.0
1.0,0.0,0.679317546219831,1.0
0.0,0.0,0.6607723064518763,0.0
0.0,0.0,0.15080388018492552,0.0
1.0,0.0,0.790438144388255,1.0
0.0,1.0,0.7039786224553102,0.0
1.0,1.0,0.533669733477015,1.0
1.0,1.0,0.8778887274940297,1.0
0.0,1.0,0.6169236975591623,0.0
0.0,1.0,0.12437241818454292,0.0
1.0,1.0,0.9719997129516036,1.0
1.0,0.0,0.8564513192271994,1.0
0.0,0.0,0.7522207445198699,1.0
1.0,0.0,0.4857100988077233,1.0
1.0,0.0,0.18285262902310073,0.0
1.0,1.0,0.04467612530500176,0.0
1.0,1.0,0.16011000783343765,0.0
1.0,0.0,0.8711141363176207,1.0
1.0,1.0,0.543389936336073,1.0
0.0,0.0,0.5123662272940769,0.0
0.0,1.0,0.6388763153282155,0.0
1.0,0.0,0.32922277234423536,1.0
1.0,1.0,0.21092044267283339,0.0
1.0,0.0,0.3928457602962425,1.0
0.0,0.0,0.7737874816405682,1.0
0.0,0.0,0.20971215825840217,0.0
0.0,0.0,0.2165970669900097,0.0
0.0,1.0,0.7984345372666033,1.0
0.0,0.0,0.657500254803632,0.0
0.0,0.0,0.666853162215723,0.0
0.0,0.0,0.07488884248887051,0.0
1.0,1.0,0.4070496973786498,1.0
1.0,1.0,0.9745049084352426,1.0
1.0,1.0,0.29718449990644746,1.0
1.0,0.0,0.6004087195616643,1.0
1.0,0.0,0.22988626036551008,0.0
1.0,0.0,0.09917749597621361,0.0
0.0,1.0,0.2890558074282902,0.0
0.0,1.0,0.168907295306837,0.0
0.0,1.0,0.6801037823598193,0.0
0.0,0.0,0.7107799224443255,0.0
1.0,0.0,0.8658875663298069,1.0
0.0,1.0,0.6988443091426244,0.0
1.0,0.0,0.20488398792682094,0.0
1.0,0.0,0.5307661236118294,1.0
1.0,1.0,0.7711793969111609,1.0
0.0,0.0,0.346649773181656,0.0
0.0,1.0,0.19242982989768476,0.0
1.0,0.0,0.5525852263160258,1.0
1.0,1.0,0.788594319299576,1.0
0.0,0.0,0.43772222877559674,0.0
1.0,1.0,0.5269146541497998,1.0
1.0,0.0,0.06970602296619366,0.0
1.0,0.0,0.7119969861971771,1.0
0.0,1.0,0.2816892699845377,0.0
0.0,0.0,0.7608247624960897,1.0
0.0,1.0,0.2526182248786545,0.0
0.0,1.0,0.4342988638971801,0.0
0.0,0.0,0.8334655275155193,1.0
1.0,1.0,0.5928088279834846,1.0
0.0,0.0,0.8916247572266968,1.0
1.0,1.0,0.6222578849189805,1.0
0.0,1.0,0.34950363190607947,0.0
0.0,0.0,0.3910667391441278,0.0
1.0,1.0,0.7862108436609163,1.0
1.0,1.0,0.3301143169408498,1.0
0.0,1.0,0.8846327019472553,1.0
1.0,1.0,0.5779218668942782,1.0
0.0,1.0,0.07863260107946046,0.0
1.0,1.0,0.6500062851153543,1.0
1.0,1.0,0.06625159671852654,0.0
0.0,1.0,0.8376414268160076,1.0
0.0,0.0,0.1729910861578693,0.0
0.0,0.0,0.10482813052112572,0.0
1.0,0.0,0.673440289940195,1.0
0.0,1.0,0.20484463037287937,0.0
1.0,1.0,0.7202074351163361,1.0
1.0,1.0,0.1130475680787969,0.0
1.0,1.0,0.06688988638009685,0.0
1.0,0.0,0.6992077859307605,1.0
0.0,0.0,0.12034898704294206,0.0
0.0,0.0,0.887421526840008,1.0
0.0,0.0,0.9306049535985922,1.0
0.0,0.0,0.2485758436705766,0.0
1.0,1.0,0.15089325426727607,0.0
0.0,0.0,0.7464011461574545,0.0
1.0,1.0,0.9627275574746078,1.0
1.0,1.0,0.6122613506737433,1.0
1.0,0.0,0.34102584192713914,1.0
0.0,0.0,0.2659285133455116,0.0
1.0,1.0,0.8473586087246945,1.0
0.0,0.0,0.8314342302850503,1.0
0.0,1.0,0.3842617084296738,0.0
1.0,0.0,0.169234823084373,0.0
0.0,0.0,0.7044836160265231,0.0
0.0,0.0,0.06466144474901148,0.0
0.0,1.0,0.0644080409177974,0.0
0.0,1.0,0.7908567572559827,1.0
0.0,1.0,0.7614434136164229,1.0
0.0,0.0,0.09914091950968762,0.0
1.0,0.0,0.6266795618903747,1.0
1.0,0.0,0.1574284321138273,0.0
1.0,1.0,0.8207944358069547,1.0
0.0,1.0,0.7980851992323141,1.0
0.0,0.0,0.9978393597230304,1.0
1.0,0.0,0.06441129815881075,0.0
0.0,1.0,0.423551783252037,0.0
1.0,1.0,0.947219965568099,1.0
1.0,0.0,0.039766416280672345,0.0
1.0,0.0,0.45346556328848775,1.0
0.0,0.0,0.4343334452971658,0.0
0.0,1.0,0.7089098347688695,0.0
1.0,1.0,0.02083943676641764,0.0
0.0,1.0,0.34158417808392494,0.0
0.0,1.0,0.05876835787457446,0.0
0.0,1.0,0.9083379917572945,1.0
0.0,0.0,0.1922765332593407,0.0
0.0,0.0,0.8143700271724478,1.0
0.0,0.0,0.44027041705400205,0.0
0.0,0.0,0.3684456771865935,0.0
0.0,0.0,0.40630695478360723,0.0
0.0,0.0,0.9910071825564197,1.0
1.0,0.0,0.32667684482493753,1.0
0.0,1.0,0.9557321385297773,1.0
0.0,1.0,0.7632909815238605,1.0
0.0,1.0,0.47954049041949387,0.0
1.0,1.0,0.3686255563056029,1.0
0.0,1.0,0.37385615440465203,0.0
1.0,0.0,0.4904990407903137,1.0
1.0,0.0,0.38182424098856516,1.0
0.0,1.0,0.3259065871700396,0.0
0.0,1.0,0.7033820911077069,0.0
0.0,1.0,0.33215596990716323,0.0
1.0,1.0,0.026133237770169848,0.0
0.0,0.0,0.6136905832794763,0.0
0.0,1.0,0.4858688733190045,0.0
0.0,0.0,0.09222197193677062,0.0
1.0,1.0,0.7970463098732565,1.0
1.0,0.0,0.4155189998420381,1.0
1.0,0.0,0.7030367143288075,1.0
0.0,1.0,0.9905382672481382,1.0
1.0,1.0,0.9618430894121165,1.0
1.0,0.0,0.04304641462443859,0.0
0.0,0.0,0.052172712342228755,0.0
0.0,1.0,0.5550795540673736,0.0
0.0,0.0,0.969049678311243,1.0
0.0,0.0,0.7333889839381852,0.0
1.0,0.0,0.6788756978359287,1.0
0.0,0.0,0.27943957396120134,0.0
1.0,0.0,0.4021285226233611,1.0
0.0,0.0,0.44312786598546106,0.0
1.0,1.0,0.08866916412884163,0.0
0.0,0.0,0.6227325697504682,0.0
0.0,0.0,0.7254141311828898,0.0
1.0,0.0,0.20431274888074857,0.0
1.0,0.0,0.0867485117627611,0.0
1.0,1.0,0.924780496175478,1.0
1.0,1.0,0.2947733707118043,1.0
1.0,1.0,0.32290010098420996,1.0
0.0,1.0,0.8453358559956041,1.0
0.0,0.0,0.08602406804162999,0.0
0.0,1.0,0.03240301655777311,0.0
1.0,0.0,0.8939604678940644,1.0
1.0,1.0,0.27659809648015,1.0
1.0,1.0,0.4057748719801876,1.0
0.0,0.0,0.6592660592740587,0.0
0.0,0.0,0.16970202836218207,0.0
1.0,0.0,0.07658546671971578,0.0
1.0,0.0,0.6134825571114897,1.0
0.0,1.0,0.9170397151608392,1.0
1.0,1.0,0.29238534207334255,1.0
0.0,1.0,0.4199334141650054,0.0
1.0,0.0,0.7133689462118786,1.0
1.0,1.0,0.5266982167676887,1.0
0.0,0.0,0.039790184131695994,0.0
0.0,1.0,0.5732840333276863,0.0
1.0,0.0,0.33597478917645496,1.0
0.0,1.0,0.8048124543277222,1.0
1.0,0.0,0.12302421955900944,0.0
0.0,0.0,0.7833530865353224,1.0
1.0,1.0,0.08139844425304454,0.0
0.0,0.0,0.1805988141291862,0.0
0.0,0.0,0.5655107632615377,0.0
1.0,0.0,0.23638464742614607,0.0
1.0,0.0,0.9832947539627348,1.0
0.0,1.0,0.44656330150769485,0.0
1.0,0.0,0.47091233558891954,1.0
1.0,0.0,0.07063143139226835,0.0
1.0,1.0,0.6983636262873769,1.0
1.0,0.0,0.9843007972905884,1.0
0.0,0.0,0.5918878000668056,0.0
0.0,1.0,0.9544956547555477,1.0
0.0,0.0,0.026038372759613737,0.0
1.0,1.0,0.5132983166607362,1.0
1.0,1.0,0.7583314845145189,1.0
1.0,1.0,0.38419854662507646,1.0
0.0,1.0,0.7355402297920959,0.0
0.0,0.0,0.8244823329550587,1.0
1.0,0.0,0.12430369922670881,0.0
0.0,1.0,0.6926697171556355,0.0
0.0,1.0,0.7011977875493365,0.0
0.0,1.0,0.745206167730885,0.0
0.0,1.0,0.3603415600822064,0.0
1.0,0.0,0.0780932487049325,0.0
0.0,1.0,0.35796103207401375,0.0
1.0,0.0,0.5531653704913294,1.0
0.0,0.0,0.14860630833586674,0.0
0.0,0.0,0.2795460554549305,0.0
0.0,1.0,0.32957973279826147,0.0
1.0,0.0,0.3776582558476037,1.0
0.0,1.0,0.5213230007873241,0.0
0.0,1.0,0.4760172885434323,0.0
1.0,1.0,0.605443764964794,1.0
1.0,1.0,0.5557561494007017,1.0
1.0,0.0,0.443839950663513,1.0
1.0,0.0,0.5315766469630977,1.0
1.0,1.0,0.46080570907176643,1.0
1.0,0.0,0.320964890973101,1.0
0.0,1.0,0.15273671678242062,0.0
0.0,0.0,0.9120532823886613,1.0
1.0,0.0,0.8612173468042335,1.0
1.0,1.0,0.5758597861305588,1.0
0.0,1.0,0.8071800992887425,1.0
0.0,1.0,0.16879686457249632,0.0
0.0,1.0,0.022689579984952024,0.0
0.0,1.0,0.7301485452611941,0.0
1.0,1.0,0.25201348902322296,1.0
0.0,0.0,0.6204448484076267,0.0
0.0,0.0,0.7409993507934584,0.0
1.0,0.0,0.7545574355063803,1.0
0.0,1.0,0.5935085208824543,0.0
0.0,0.0,0.9682369356281277,1.0
1.0,1.0,0.9935813733833422,1.0
1.0,0.0,0.12342032094520239,0.0
0.0,0.0,0.025246768507132145,0.0
1.0,1.0,0.1241315826621433,0.0
1.0,0.0,0.012604147021444856,0.0
0.0,1.0,0.5401336057567968,0.0
1.0,0.0,0.9584553813471733,1.0
1.0,0.0,0.7549603368610044,1.0
1.0,0.0,0.3642616218297625,1.0
1.0,0.0,0.052415509746476574,0.0
0.0,1.0,0.19824995995042471,0.0
0.0,1.0,0.3720080380405799,0.0
1.0,0.0,0.7885448450902367,1.0
1.0,1.0,0.13474112243076874,0.0
1.0,0.0,0.393370323227627,1.0
1.0,0.0,0.2615941099682675,1.0
0.0,0.0,0.2435259162427471,0.0
0.0,0.0,0.3322360278948058,0.0
0.0,1.0,0.3353765563834402,0.0
1.0,0.0,0.7656465932335121,1.0
1.0,1.0,0.13972297862917504,0.0
0.0,1.0,0.7623500678275089,1.0
0.0,1.0,0.16334570051075592,0.0
1.0,0.0,0.5390316273770969,1.0
0.0,1.0,0.356115635314302,0.0
1.0,0.0,0.9130833783606874,1.0
1.0,0.0,0.10421546155237216,0.0
1.0,1.0,0.7443433606933737,1.0
1.0,0.0,0.9334073083083937,1.0
0.0,0.0,0.37538394170890743,0.0
0.0,1.0,0.8101499782380939,1.0
0.0,1.0,0.1457543073588785,0.0
0.0,1.0,0.24863729997105966,0.0
0.0,0.0,0.8331073964012731,1.0
1.0,0.0,0.8665350269689538,1.0
0.0,1.0,0.5449563220712269,0.0
0.0,0.0,0.009789035881991981,0.0
1.0,0.0,0.7055804177796293,1.0
0.0,0.0,0.28644006114138154,0.0
1.0,1.0,0.35112007837001336,1.0
0.0,1.0,0.933450640857912,1.0
1.0,1.0,0.8999961848020974,1.0
1.0,0.0,0.18040783288378603,0.0
1.0,1.0,0.8922487346852845,1.0
0.0,0.0,0.9940079782293909,1.0
1.0,1.0,0.6690716235097557,1.0
1.0,0.0,0.27682328277043067,1.0
0.0,1.0,0.8785927009597624,1.0
0.0,0.0,0.6650737961239537,0.0
0.0,0.0,0.9247006856340966,1.0
1.0,0.0,0.4993769559954194,1.0
1.0,1.0,0.12844836853864838,0.0
0.0,0.0,0.15050439847904895,0.0
1.0,1.0,0.6767733032680553,1.0
1.0,1.0,0.3167746426996263,1.0
1.0,1.0,0.48857071744809344,1.0
0.0,0.0,0.5825336884167231,0.0
1.0,1.0,0.6160673407272076,1.0
1.0,1.0,0.22801958655189014,0.0
1.0,0.0,0.035306878259731556,0.0
0.0,0.0,0.700494442987202,0.0
0.0,0.0,0.72775418928423,0.0
1.0,0.0,0.7530832914871339,1.0
1.0,0.0,0.20984947486252337,0.0
1.0,0.0,0.2046868078095163,0.0
1.0,0.0,0.5319781553088981,1.0
1.0,0.0,0.9684008938212253,1.0
0.0,0.0,0.5449433036330338,0.0
0.0,0.0,0.7901749030982563,1.0
1.0,1.0,0.37588841737764866,1.0
0.0,0.0,0.09278248844731463,0.0
1.0,1.0,0.6306788579187231,1.0
0.0,1.0,0.3563529285555638,0.0
1.0,1.0,0.9531176620663668,1.0
0.0,1.0,0.4411613729710556,0.0
0.0,0.0,0.5920698999890491,0.0
0.0,0.0,0.8808790754033852,1.0
0.0,1.0,0.4592280418931498,0.0
1.0,1.0,0.8746674635700938,1.0
1.0,1.0,0.3800457343029501,1.0
1.0,1.0,0.11864658880328394,0.0
0.0,0.0,0.4338720338157366,0.0
0.0,0.0,0.8299231458570616,1.0
1.0,1.0,0.04813473065440621,0.0
1.0,0.0,0.6901014431371214,1.0
0.0,1.0,0.949784177869075,1.0
1.0,1.0,0.3294712422016982,1.0
0.0,0.0,0.22184993470796377,0.0
0.0,1.0,0.05169764519491293,0.0
0.0,1.0,0.1484017795535767,0.0
0.0,0.0,0.20878906648426676,0.0
1.0,1.0,0.8753004164144463,1.0
0.0,0.0,0.7132782360792957,0.0
0.0,1.0,0.38233788522850554,0.0
1.0,1.0,0.09418238972637039,0.0
0.0,0.0,0.8095436419440678,1.0
0.0,1.0,0.046751005744809504,0.0
1.0,0.0,0.05949551860951807,0.0
1.0,0.0,0.45867399301315726,1.0
0.0,0.0,0.774464082614785,1.0
1.0,0.0,0.4198720464234946,1.0
1.0,0.0,0.23759788283546268,0.0
0.0,1.0,0.682843864782851,0.0
1.0,0.0,0.4064580991534874,1.0
1.0,1.0,0.22081964483310934,0.0
0.0,0.0,0.31982557678848833,0.0
1.0,1.0,0.7750518290761039,1.0
0.0,1.0,0.42247922679188843,0.0
0.0,0.0,0.21861555255509346,0.0
1.0,1.0,0.20518043662453245,0.0
0.0,0.0,0.46562381768637173,0.0
1.0,1.0,0.5017730076929305,1.0
1.0,0.0,0.6164327497028603,1.0
0.0,0.0,0.6499962334857255,0.0
0.0,0.0,0.6211215207761734,0.0
0.0,0.0,0.8768924488100188,1.0
0.0,0.0,0.4673000179094269,0.0
0.0,0.0,0.34924685739830685,0.0
0.0,1.0,0.040558632043575016,0.0
0.0,1.0,0.676838302813202,0.0
1.0,0.0,0.5970640354929947,1.0
1.0,1.0,0.20931735617723435,0.0
0.0,0.0,0.8609693388279951,1.0
1.0,0.0,0.424106508105333,1.0
0.0,0.0,0.7041943056859505,0.0
0.0,0.0,0.6756335192252618,0.0
0.0,1.0,0.8425652096965885,1.0
0.0,0.0,0.7524563304148496,1.0
0.0,1.0,0.2537704397166092,0.0
1.0,1.0,0.46947729247782954,1.0
0.0,0.0,0.20631050065238876,0.0
0.0,0.0,0.32570696591362447,0.0
0.0,1.0,0.4093753167828609,0.0
1.0,0.0,0.6303527675780948,1.0
1.0,0.0,0.43288080692601416,1.0
1.0,1.0,0.8829654863392637,1.0
1.0,1.0,0.014692868781509327,0.0
0.0,1.0,0.7882180513392489,1.0
1.0,1.0,0.8212667597168043,1.0
1.0,0.0,0.6888344671934427,1.0
0.0,0.0,0.20297403233783406,0.0
0.0,1.0,0.08797381709156726,0.0
0.0,1.0,0.04029112469181073,0.0
1.0,1.0,0.8527376080834234,1.0
0.0,1.0,0.028800272176325525,0.0
1.0,0.0,0.6425173359334829,1.0
0.0,1.0,0.2672707428514024,0.0
1.0,0.0,0.38512240753595306,1.0
1.0,1.0,0.5746597350671897,1.0
1.0,0.0,0.8702115391917499,1.0
1.0,1.0,0.8243835967335242,1.0
1.0,0.0,0.563832170992096,1.0
1.0,1.0,0.7129951118815764,1.0
0.0,1.0,0.3344869494190734,0.0
1.0,0.0,0.978914150219315,1.0
0.0,1.0,0.8553677727635107,1.0
1.0,1.0,0.5500117243450813,1.0
1.0,1.0,0.5993741693464822,1.0
0.0,0.0,0.5245042690593875,0.0
0.0,0.0,0.42744201852090835,0.0
1.0,0.0,0.31545548565816917,1.0
0.0,0.0,0.8394403438031306,1.0
0.0,0.0,0.404378514227975,0.0
1.0,1.0,0.06357745730671294,0.0
1.0,0.0,0.9718689939661728,1.0
0.0,1.0,0.5567245801676779,0.0
1.0,1.0,0.5600585630183326,1.0
1.0,1.0,0.5157500745982179,1.0
0.0,1.0,0.7991595405748335,1.0
0.0,1.0,0.7784434326393113,1.0
1.0,0.0,0.6280111021723757,1.0
1.0,1.0,0.04086994216460349,0.0
0.0,1.0,0.7959387580717863,1.0
1.0,0.0,0.7633675858434211,1.0
1.0,1.0,0.4896753643470446,1.0
0.0,0.0,0.7477906175963618,0.0
1.0,0.0,0.4914976926225513,1.0
0.0,0.0,0.8421904834750126,1.0
1.0,0.0,0.5256364759799579,1.0
0.0,0.0,0.5711459589316832,0.0
1.0,0.0,0.6729374233893833,1.0
1.0,1.0,0.4516412782375566,1.0
1.0,1.0,0.7451009714082232,1.0
0.0,1.0,0.8024039356797799,1.0
0.0,1.0,0.5297899814349055,0.0
1.0,0.0,0.7428912627596472,1.0
1.0,1.0,0.34082357951864406,1.0
1.0,0.0,0.9520400783523604,1.0
0.0,1.0,0.8958359827566211,1.0
1.0,1.0,0.2193791750754044,0.0
1.0,1.0,0.08633468885002227,0.0
0.0,0.0,0.5319331484687781,0.0
1.0,1.0,0.7178574624227837,1.0
1.0,0.0,0.0056840632376140565,0.0
0.0,0.0,0.9847507462022412,1.0
1.0,0.0,0.3709979881192691,1.0
1.0,0.0,0.9430006835643138,1.0
0.0,1.0,0.37078110806845777,0.0
1.0,0.0,0.6647078404571637,1.0
1.0,0.0,0.2827617962524538,1.0
1.0,0.0,0.5729572561795145,1.0
0.0,0.0,0.671271927819321,0.0
1.0,1.0,0.48892327841248495,1.0
1.0,1.0,0.7409556427281626,1.0
1.0,0.0,0.488485267999889,1.0
1.0,1.0,0.6641927372108933,1.0
0.0,0.0,0.36568657621903167,0.0
1.0,0.0,0.42591551600410127,1.0
1.0,1.0,0.18488448078703323,0.0
0.0,1.0,0.28534438426552156,0.0
1.0,0.0,0.0005572003917029278,0.0
0.0,0.0,0.32057341984201293,0.0
0.0,1.0,0.4528487903110977,0.0
0.0,1.0,0.7715208413999071,1.0
1.0,0.0,0.24525442420836763,0.0
0.0,0.0,0.27537433901187125,0.0
0.0,1.0,0.2768824073176698,0.0
1.0,1.0,0.14839147460959234,0.0
0.0,1.0,0.20748020547978185,0.0
1.0,0.0,0.7027835741346888,1.0
0.0,1.0,0.682622184683314,0.0
1.0,1.0,0.07953043819649708,0.0
0.0,0.0,0.23515094167770545,0.0
1.0,0.0,0.35169632685539165,1.0
0.0,1.0,0.2514017754861866,0.0
0.0,0.0,0.2290299994346704,0.0
1.0,0.0,0.6967363805238888,1.0
1.0,0.0,0.46167610371076884,1.0
0.0,1.0,0.8887224371741769,1.0
0.0,1.0,0.047744383871366924,0.0
0.0,0.0,0.9698384074775195,1.0
0.0,1.0,0.1544278119708027,0.0
0.0,1.0,0.10868469499831668,0.0
1.0,1.0,0.5067155316899256,1.0
0.0,1.0,0.673890973360912,0.0
0.0,1.0,0.011629577715273065,0.0
1.0,0.0,0.430174524459369,1.0
1.0,1.0,0.4677398646983725,1.0
0.0,1.0,0.06736995048191297,0.0
0.0,1.0,0.11364499977821418,0.0
0.0,0.0,0.41628946176250625,0.0
0.0,0.0,0.18575951622303544,0.0
1.0,1.0,0.2803869567562688,1.0
1.0,1.0,0.5223799313192737,1.0
1.0,1.0,0.04809659871686944,0.0
0.0,1.0,0.7156316550795313,0.0
1.0,0.0,0.7202670370398184,1.0
0.0,1.0,0.7858406358592951,1.0
1.0,0.0,0.9042344980528848,1.0
1.0,1.0,0.3983314271489552,1.0
0.0,1.0,0.0840723494038692,0.0
0.0,1.0,0.05772281984788896,0.0
0.0,1.0,0.5787169501133774,0.0
0.0,0.0,0.4845741190923578,0.0
1.0,1.0,0.5385172566732084,1.0
1.0,1.0,0.8131367083547385,1.0
0.0,0.0,0.06814424030656818,0.0
1.0,0.0,0.34387091102466727,1.0
0.0,1.0,0.9021152815884984,1.0
1.0,0.0,0.7940113623017102,1.0
1.0,0.0,0.12438820928107752,0.0
1.0,0.0,0.7295894243094526,1.0
0.0,0.0,0.12657388600187014,0.0
0.0,1.0,0.733207694056971,0.0
1.0,1.0,0.1461522019044612,0.0
1.0,1.0,0.23771973328184393,0.0
1.0,1.0,0.09826627137789246,0.0
1.0,0.0,0.9695421152148783,1.0
0.0,1.0,0.8060060038543154,1.0
1.0,0.0,0.6891512957090892,1.0
1.0,0.0,0.2904298559701525,1.0
0.0,0.0,0.1728415706323707,0.0
1.0,0.0,0.13716179164243458,0.0
0.0,1.0,0.8278418459894921,1.0
0.0,0.0,0.9150376083320645,1.0
1.0,0.0,0.8418804515785965,1.0
0.0,1.0,0.44457400140726466,0.0
0.0,1.0,0.2869581004762142,0.0
1.0,1.0,0.07637425772832895,0.0
1.0,0.0,0.8279998418208835,1.0
0.0,0.0,0.9286333811326669,1.0
0.0,1.0,0.24668239207664222,0.0
0.0,1.0,0.5117460364923272,0.0
0.0,1.0,0.014352562228277188,0.0
0.0,1.0,0.8568980447212233,1.0
0.0,1.0,0.4243115900407458,0.0
0.0,1.0,0.9083784828321342,1.0
0.0,1.0,0.07157906880225451,0.0
1.0,0.0,0.7366545464637492,1.0
1.0,1.0,0.3659612263618973,1.0
0.0,0.0,0.7499320462417459,0.0
1.0,1.0,0.6978674686721994,1.0
1.0,0.0,0.7684862035060924,1.0
1.0,0.0,0.3568998852950098,1.0
1.0,1.0,0.23691326157810566,0.0
0.0,0.0,0.8065771606038057,1.0
1.0,1.0,0.11626308304578603,0.0
1.0,1.0,0.9215038086893816,1.0
1.0,1.0,0.34089819804660737,1.0
0.0,1.0,0.27343717432573167,0.0
0.0,1.0,0.9642471878964085,1.0
1.0,0.0,0.3733066184694125,1.0
1.0,0.0,0.3117994243208708,1.0
0.0,0.0,0.33046988951103196,0.0
0.0,1.0,0.31067238579477907,0.0
0.0,1.0,0.5350704819562554,0.0
1.0,1.0,0.6660742251569536,1.0
0.0,1.0,0.7204833229746769,0.0
1.0,0.0,0.12436464798860514,0.0
1.0,0.0,0.5820619193846556,1.0
0.0,0.0,0.2506572650412412,0.0
0.0,1.0,0.2894428924246406,0.0
1.0,1.0,0.43139237614128967,1.0
1.0,1.0,0.9764428194948067,1.0
0.0,1.0,0.9245799347199023,1.0
0.0,0.0,0.3771271036776408,0.0
0.0,0.0,0.21181677501529705,0.0
0.0,0.0,0.8460670253000776,1.0
1.0,0.0,0.3425122869175278,1.0
0.0,1.0,0.31268293549430526,0.0
1.0,0.0,0.6132776748081868,1.0
0.0,1.0,0.8318535632373529,1.0
1.0,0.0,0.47243665907625,1.0
1.0,1.0,0.022191504796494788,0.0
1.0,0.0,0.7005318261215546,1.0
0.0,0.0,0.9139573702487908,1.0
1.0,1.0,0.07841006098100245,0.0
0.0,1.0,0.04968200189888117,0.0
1.0,0.0,0.501503330566067,1.0
1.0,1.0,0.3562110825942739,1.0
0.0,1.0,0.3676721244351767,0.0
1.0,1.0,0.17926031199732018,0.0
1.0,1.0,0.39319049146635776,1.0
0.0,1.0,0.3345427673140251,0.0
0.0,1.0,0.4756575870769123,0.0
0.0,0.0,0.5611069670043539,0.0
0.0,1.0,0.2873286022007334,0.0
1.0,1.0,0.07599429548119485,0.0
0.0,1.0,0.07009894451045218,0.0
1.0,0.0,0.6002468125119365,1.0
1.0,0.0,0.6859442808414962,1.0
1.0,1.0,0.43956448733407294,1.0
0.0,0.0,0.9551567691465865,1.0
0.0,1.0,0.49924662387894136,0.0
1.0,1.0,0.23660008220159412,0.0
1.0,0.0,0.08460594620705753,0.0
0.0,0.0,0.09889945765380415,0.0
0.0,1.0,0.4698266336083251,0.0
0.0,0.0,0.23235219863432288,0.0
0.0,1.0,0.3116370956897788,0.0
0.0,0.0,0.19757628600246957,0.0
1.0,0.0,0.3427475611191416,1.0
0.0,0.0,0.6434730130722881,0.0
1.0,0.0,0.5399751977590702,1.0
0.0,1.0,0.18328928074286632,0.0
1.0,1.0,0.12234473048803118,0.0
1.0,0.0,0.8713741235026224,1.0
1.0,1.0,0.13302445420080222,0.0
0.0,1.0,0.2911485305123904,0.0
1.0,1.0,0.5203911256383854,1.0
1.0,1.0,0.43321353242144245,1.0
1.0,1.0,0.9146223565089765,1.0
0.0,0.0,0.6568640687726148,0.0
0.0,0.0,0.14216932502181268,0.0
0.0,1.0,0.4810126598783169,0.0
1.0,1.0,0.5365283412622558,1.0
1.0,1.0,0.5368230354320241,1.0
0.0,0.0,0.38385913860856224,0.0
1.0,1.0,0.12970146961287476,0.0
1.0,1.0,0.011409292598599685,0.0
1.0,0.0,0.6823629299576617,1.0
1.0,0.0,0.782608475891142,1.0
1.0,0.0,0.5616225490305933,1.0
1.0,1.0,0.7212303498799895,1.0
1.0,1.0,0.521993845690123,1.0
0.0,0.0,0.32223314482754595,0.0
0.0,1.0,0.3913923656366012,0.0
0.0,0.0,0.42220331317891835,0.0
0.0,1.0,0.06004372137673075,0.0
0.0,0.0,0.49541645378972843,0.0
0.0,1.0,0.9613374127826229,1.0
1.0,0.0,0.5765082570168956,1.0
0.0,0.0,0.9270555420011254,1.0
0.0,0.0,0.00026909120950968646,0.0
1.0,0.0,0.5269249676905772,1.0
0.0,0.0,0.6867902875109312,0.0
1.0,0.0,0.7792646388567265,1.0
1.0,1.0,0.28460639794390263,1.0
0.0,1.0,0.894576241201787,1.0
0.0,1.0,0.2613976956178967,0.0
0.0,1.0,0.981370781411507,1.0
0.0,0.0,0.6500794840416715,0.0
0.0,0.0,0.528799399030977,0.0
1.0,1.0,0.6285876509090074,1.0
1.0,0.0,0.5414291274907731,1.0
1.0,1.0,0.33568506585832913,1.0
0.0,1.0,0.11242601087365134,0.0
1.0,1.0,0.46299674286514036,1.0
0.0,0.0,0.2372427732870035,0.0
0.0,1.0,0.6046929304018708,0.0
1.0,0.0,0.7443019172310816,1.0
0.0,1.0,0.18447896404841768,0.0
1.0,1.0,0.29261867158429244,1.0
1.0,1.0,0.2586576797676906,1.0
1.0,1.0,0.7851061691775256,1.0
0.0,1.0,0.7161273965050607,0.0
1.0,1.0,0.9368218563462133,1.0
1.0,1.0,0.8240106140079484,1.0
0.0,0.0,0.03651243149971983,0.0
0.0,0.0,0.6321361178585128,0.0
0.0,1.0,0.22467398344620815,0.0
0.0,0.0,0.2787088792827158,0.0
1.0,0.0,0.15042645763275475,0.0
1.0,0.0,0.26488191781663784,1.0
1.0,1.0,0.9878600138408365,1.0
0.0,1.0,0.49795631094313564,0.0
1.0,1.0,0.7515196621286253,1.0
1.0,1.0,0.19179433456701456,0.0
1.0,0.0,0.6637039671724829,1.0
0.0,1.0,0.974048624008515,1.0
1.0,0.0,0.0997851288846563,0.0
0.0,1.0,0.8997314013336142,1.0
0.0,1.0,0.5882573473394894,0.0
1.0,1.0,0.05446741240433117,0.0
1.0,0.0,0.7863236582388409,1.0
1.0,0.0,0.34992677999071775,1.0
0.0,1.0,0.7377657027866744,0.0
0.0,1.0,0.8869362316067687,1.0
0.0,0.0,0.9213763251985615,1.0
1.0,0.0,0.6757051392944143,1.0
0.0,0.0,0.42098532811422806,0.0
0.0,1.0,0.6661955700692354,0.0
0.0,0.0,0.20458127111231483,0.0
0.0,0.0,0.45649354671027587,0.0
0.0,1.0,0.7506728840166372,1.0
1.0,0.0,0.5350035822609056,1.0
0.0,1.0,0.06367336887891295,0.0
1.0,1.0,0.9397418863608928,1.0
1.0,0.0,0.15357473079676187,0.0
0.0,1.0,0.356216152166253,0.0
1.0,0.0,0.6009717525422111,1.0
1.0,1.0,0.28773024439218353,1.0
0.0,0.0,0.16850658706116795,0.0
0.0,0.0,0.7587536516532433,1.0
1.0,1.0,0.8988967406150805,1.0
0.0,1.0,0.5761523662449749,0.0
0.0,1.0,0.2901167947643908,0.0
1.0,1.0,0.4751658462084598,1.0
0.0,1.0,0.6062473385218816,0.0
1.0,1.0,0.9332832676620231,1.0
1.0,1.0,0.7196499569962511,1.0
0.0,1.0,0.9774849266877967,1.0
1.0,1.0,0.1371132233566108,0.0
0.0,1.0,0.4771612613216807,0.0
1.0,0.0,0.4605486983353215,1.0
1.0,0.0,0.743374714563551,1.0
0.0,0.0,0.718482408193727,0.0
1.0,0.0,0.042956476266441945,0.0
1.0,0.0,0.9989166269141295,1.0
1.0,0.0,0.7274921968421708,1.0
1.0,0.0,0.34193170195440314,1.0
0.0,1.0,0.7409213169274739,0.0
0.0,0.0,0.6936886839677185,0.0
1.0,1.0,0.5973524679125192,1.0
0.0,0.0,0.996919790795486,1.0
1.0,0.0,0.8353252807931443,1.0
0.0,0.0,0.7643265858537621,1.0
1.0,1.0,0.20529760194260738,0.0
1.0,0.0,0.5280470573465502,1.0
1.0,0.0,0.6031425246221332,1.0
0.0,0.0,0.5275036695168632,0.0
0.0,0.0,0.3637218663517986,0.0
1.0,0.0,0.6564775673464536,1.0
0.0,1.0,0.19006702779356255,0.0
0.0,1.0,0.5170439000857976,0.0
1.0,1.0,0.6272925988006794,1.0
1.0,0.0,0.6976075807252081,1.0
1.0,1.0,0.059424059446531285,0.0
0.0,1.0,0.9157837485304164,1.0
1.0,1.0,0.7833583253070239,1.0
1.0,0.0,0.509879574604564,1.0
1.0,1.0,0.7362947138258266,1.0
0.0,1.0,0.21692586936448222,0.0
1.0,0.0,0.23064827255216547,0.0
0.0,0.0,0.36094692203642775,0.0
1.0,1.0,0.9387068450592393,1.0
1.0,1.0,0.4241666366657292,1.0
0.0,0.0,0.6536273853112741,0.0
0.0,1.0,0.7455472813526293,0.0
0.0,0.0,0.5833594653088188,0.0
0.0,1.0,0.16567989446449383,0.0
0.0,0.0,0.31475013162805643,0.0
0.0,1.0,0.6304823333126361,0.0
1.0,0.0,0.6812311702694466,1.0
0.0,0.0,0.16866870593390215,0.0
0.0,0.0,0.5886174428535457,0.0
0.0,1.0,0.8809964906143616,1.0
1.0,0.0,0.9307332950647921,1.0
0.0,0.0,0.39760942982181646,0.0
1.0,1.0,0.027898487219218504,0.0
1.0,1.0,0.43193841766483776,1.0
0.0,0.0,0.24881851155235213,0.0
0.0,1.0,0.4540648520315357,0.0
1.0,0.0,0.39589292328565884,1.0
1.0,1.0,0.9159125103502749,1.0
1.0,0.0,0.3966981974284288,1.0
0.0,1.0,0.7872608992760021,1.0
0.0,0.0,0.6127762890314942,0.0
1.0,0.0,0.2637066723650746,1.0
0.0,0.0,0.47415190376808625,0.0
0.0,0.0,0.9231585954261671,1.0
0.0,1.0,0.11164193452383175,0.0
1.0,0.0,0.7254906707596575,1.0
1.0,0.0,0.935261288401985,1.0
1.0,0.0,0.3161391069975453,1.0
1.0,0.0,0.8438230161563947,1.0
1.0,0.0,0.4768578385913175,1.0
1.0,1.0,0.5878095324654418,1.0
1.0,0.0,0.1820557892153808,0.0
1.0,0.0,0.8861953910885778,1.0
1.0,1.0,0.46823450323988125,1.0
1.0,1.0,0.4907664917828355,1.0
1.0,1.0,0.215766262077985,0.0
1.0,0.0,0.5457913101270946,1.0
1.0,0.0,0.9845519141170403,1.0
0.0,1.0,0.8978580205587104,1.0
1.0,0.0,0.31363577032605616,1.0
1.0,1.0,0.7093503384607164,1.0
0.0,1.0,0.3915818217924302,0.0
0.0,0.0,0.5513674224550934,0.0
0.0,1.0,0.9321606414861571,1.0
1.0,0.0,0.8047028556537386,1.0
0.0,1.0,0.10035648079870496,0.0
0.0,0.0,0.3219071236383956,0.0
1.0,0.0,0.5335461623414429,1.0
0.0,0.0,0.07978561950770124,0.0
1.0,0.0,0.39979846042898404,1.0
1.0,1.0,0.3855280507105986,1.0
1.0,0.0,0.10727787240448328,0.0
1.0,1.0,0.8622462609920023,1.0
1.0,0.0,0.8439415595001534,1.0
0.0,0.0,0.34490501933343254,0.0
1.0,0.0,0.7587673132164814,1.0
1.0,0.0,0.1008192253322231,0.0
0.0,0.0,0.6852338809332885,0.0
0.0,1.0,0.9616854526155058,1.0
0.0,1.0,0.5306397082692248,0.0
1.0,1.0,0.3571601282291398,1.0
1.0,1.0,0.5522051684664342,1.0
0.0,1.0,0.8143315039208738,1.0
1.0,0.0,0.01976512395592689,0.0
0.0,0.0,0.7937164284708492,1.0
1.0,1.0,0.7954535338693742,1.0
0.0,1.0,0.6716787192305421,0.0
0.0,1.0,0.8048920689175229,1.0
0.0,0.0,0.4132424689816858,0.0
1.0,0.0,0.6808586057723394,1.0
0.0,1.0,0.4150721700732938,0.0
1.0,0.0,0.7382401008903897,1.0
1.0,0.0,0.5665712132785907,1.0
1.0,0.0,0.9439708222970854,1.0
0.0,0.0,0.08055109236879043,0.0
1.0,1.0,0.5761485429834698,1.0
0.0,0.0,0.6609694075715529,0.0
0.0,1.0,0.08665515959391257,0.0
1.0,0.0,0.4262287536202388,1.0
0.0,1.0,0.04384432569944707,0.0
0.0,0.0,0.017935639228937372,0.0
0.0,1.0,0.2845072167884062,0.0
1.0,0.0,0.4884032023069046,1.0
0.0,0.0,0.6416352593532353,0.0
1.0,1.0,0.4685926559589254,1.0
0.0,1.0,0.7186351602048767,0.0
0.0,0.0,0.2675265896321912,0.0
1.0,1.0,0.2095473369990396,0.0
0.0,1.0,0.0121790207313619,0.0
0.0,0.0,0.8852754388605167,1.0
1.0,0.0,0.8381571996488153,1.0
1.0,1.0,0.04078511411988717,0.0
0.0,1.0,0.9679104276708298,1.0
0.0,1.0,0.7965627730794129,1.0
1.0,0.0,0.49296252843267774,1.0
0.0,0.0,0.262560311855107,0.0
1.0,1.0,0.9398595526342549,1.0
0.0,1.0,0.5305929764434141,0.0
0.0,1.0,0.8513002330439793,1.0
1.0,0.0,0.35520098605174133,1.0
1.0,1.0,0.7883458109252665,1.0
0.0,0.0,0.46196221539853854,0.0
0.0,1.0,0.31325489120130945,0.0
1.0,0.0,0.2622207170382138,1.0
0.0,0.0,0.9336624643971488,1.0
0.0,1.0,0.30945517815366586,0.0
0.0,1.0,0.4962540269532807,0.0
0.0,0.0,0.8781533944779576,1.0
1.0,1.0,0.913401610115526,1.0
0.0,1.0,0.8744149228562959,1.0
1.0,0.0,0.10286562984095082,0.0
0.0,0.0,0.601424013631375,0.0
0.0,1.0,0.6409260964852543,0.0
1.0,1.0,0.9971726214946639,1.0
1.0,0.0,0.7300382466245462,1.0
1.0,1.0,0.7654517095984358,1.0
1.0,0.0,0.73142386639549,1.0
1.0,1.0,0.18550920946973204,0.0
1.0,0.0,0.6862526846837688,1.0
1.0,0.0,0.6223482833060513,1.0
1.0,0.0,0.5148967029666167,1.0
1.0,1.0,0.24274106747743662,0.0
0.0,1.0,0.8388248819930463,1.0
1.0,1.0,0.27804339053753857,1.0
1.0,0.0,0.10118497697644713,0.0
1.0,0.0,0.5947824145535862,1.0
0.0,1.0,0.07970929720458875,0.0
1.0,1.0,0.9889116620811874,1.0
1.0,1.0,0.8658647326130733,1.0
1.0,1.0,0.11172496253200925,0.0
1.0,0.0,0.004605705206113364,0.0
1.0,0.0,0.75905426844197,1.0
0.0,1.0,0.2968722562743077,0.0
1.0,0.0,0.7445341121299808,1.0
1.0,1.0,0.07602189873970266,0.0
0.0,0.0,0.6807670419116568,0.0
1.0,0.0,0.9922440694202508,1.0
0.0,1.0,0.21746189983366238,0.0
1.0,1.0,0.8453406367326328,1.0
0.0,1.0,0.785029913042279,1.0
0.0,0.0,0.929290297868028,1.0
0.0,1.0,0.31151222171117343,0.0
1.0,0.0,0.42232780869456865,1.0
0.0,0.0,0.3543474718805131,0.0
1.0,0.0,0.5739905696756958,1.0
1.0,0.0,0.646879111605423,1.0
1.0,0.0,0.08593731290023687,0.0
0.0,1.0,0.31919881851572696,0.0
1.0,1.0,0.15310517744791186,0.0
1.0,1.0,0.15734952295429616,0.0
1.0,0.0,0.3552268046833007,1.0
1.0,1.0,0.8920135588082363,1.0
0.0,1.0,0.9582323841420908,1.0
1.0,0.0,0.595389330408154,1.0
1.0,1.0,0.7657687865447323,1.0
1.0,0.0,0.7024782005429188,1.0
1.0,1.0,0.8044560108614288,1.0
1.0,1.0,0.1588872906098534,0.0
1.0,0.0,0.5512814395615191,1.0
1.0,0.0,0.6580371957153415,1.0
1.0,0.0,0.986998195155717,1.0
0.0,1.0,0.011384198225925513,0.0
1.0,0.0,0.8787235239549495,1.0
1.0,1.0,0.4856232275462863,1.0
1.0,1.0,0.7159419089095146,1.0
1.0,1.0,0.14436244902787587,0.0
0.0,1.0,0.5680072843409156,0.0
1.0,1.0,0.8202584495074328,1.0
1.0,1.0,0.01719674459252929,0.0
0.0,0.0,0.07965218233862525,0.0
1.0,1.0,0.7483384188501834,1.0
1.0,1.0,0.3990047730146893,1.0
0.0,1.0,0.536248852610359,0.0
1.0,0.0,0.009520928966121889,0.0
1.0,0.0,0.8263709063017622,1.0
1.0,0.0,0.042745493466523565,0.0
0.0,1.0,0.13141507710861777,0.0
0.0,1.0,0.5944470063838966,0.0
0.0,0.0,0.7382068988229629,0.0
1.0,0.0,0.4399700803407002,1.0
1.0,1.0,0.8232278380248257,1.0
0.0,0.0,0.6741765504135824,0.0
1.0,1.0,0.9620114777125774,1.0
1.0,0.0,0.043036422634511795,0.0
1.0,1.0,0.16485925592551343,0.0
0.0,0.0,0.6360054250137945,0.0
0.0,1.0,0.19167881998972014,0.0
1.0,1.0,0.19990662614373533,0.0
1.0,0.0,0.16900884649885572,0.0
1.0,1.0,0.290593847846201,1.0
0.0,0.0,0.995540856656484,1.0
1.0,0.0,0.42147740381422916,1.0
0.0,1.0,0.9385471006376441,1.0
1.0,1.0,0.7490664909645431,1.0
0.0,1.0,0.19430536844470803,0.0
1.0,1.0,0.9395312766467318,1.0
0.0,1.0,0.23320159334513269,0.0
1.0,0.0,0.007956576470251941,0.0
1.0,1.0,0.9456864917315685,1.0
0.0,1.0,0.4440128809033661,0.0
1.0,1.0,0.6111735927652368,1.0
1.0,0.0,0.6333167727839081,1.0
1.0,1.0,0.5416916658896795,1.0
1.0,0.0,0.4986375881995724,1.0
0.0,1.0,0.05550368111785031,0.0
1.0,1.0,0.7847604330557285,1.0
0.0,0.0,0.7142697268215829,0.0
1.0,0.0,0.5305030953611691,1.0
1.0,0.0,0.5805897991527713,1.0
1.0,0.0,0.9118893094022802,1.0
1.0,0.0,0.19966073421798702,0.0
0.0,0.0,0.7683316304777333,1.0
1.0,1.0,0.0014137462530664502,0.0
0.0,1.0,0.18034298853055108,0.0
0.0,1.0,0.45041473440438606,0.0
1.0,1.0,0.36433178166401214,1.0
1.0,1.0,0.1840306905055612,0.0
1.0,0.0,0.7650755660374599,1.0
1.0,0.0,0.4450274540234984,1.0
0.0,1.0,0.6641917744238325,0.0
0.0,0.0,0.7335253620157286,0.0
1.0,1.0,0.6171498228762311,1.0
0.0,1.0,0.3229836500576674,0.0
0.0,0.0,0.8997541058182638,1.0
0.0,1.0,0.8122578442247758,1.0
0.0,0.0,0.1536258521994449,0.0
1.0,1.0,0.4886914230834355,1.0
0.0,0.0,0.4803487565153485,0.0
1.0,0.0,0.06912374098528806,0.0
0.0,0.0,0.8744500309430232,1.0
0.0,0.0,0.03820082473939512,0.0
1.0,1.0,0.14036596588780703,0.0
0.0,0.0,0.031167714434445548,0.0
1.0,1.0,0.4187375999904862,1.0
1.0,0.0,0.6040222896534156,1.0
1.0,1.0,0.1409743173527177,0.0
1.0,0.0,0.6816522915206585,1.0
1.0,0.0,0.3191922245021288,1.0
1.0,1.0,0.9434524526000816,1.0
1.0,0.0,0.3221659254757543,1.0
0.0,1.0,0.0038104864640304825,0.0
1.0,0.0,0.31823066049683824,1.0
1.0,0.0,0.1546808076389269,0.0
1.0,0.0,0.9345267227802598,1.0
0.0,1.0,0.49634957427609194,0.0
1.0,1.0,0.9793960339723471,1.0
1.0,1.0,0.774829448250181,1.0
1.0,1.0,0.9083940944836094,1.0
0.0,0.0,0.6304358754349227,0.0
1.0,1.0,0.6475960655224089,1.0
0.0,0.0,0.564376486779459,0.0
0.0,1.0,0.7263010188784389,0.0
0.0,0.0,0.914400722870507,1.0
0.0,0.0,0.5921582961646487,0.0
1.0,0.0,0.3678241950193193,1.0
1.0,0.0,0.00012217508439815727,0.0
