9.445574992685316,-6.558685030208058,0.0
-9.1815085753423,0.806470544954422,1.0
-2.610785993890894,-9.665045816348584,0.0
4.888520722022097,5.488855505186841,1.0
3.7775946034710586,0.18089560618460787,0.0
2.6297919957176,-4.762810789118053,0.0
-8.01903800272337,8.46741277657587,1.0
-6.364028880760548,9.275720723679385,1.0
3.975819447932702,-7.695979738621038,0.0
-3.3524695026524736,6.230447264025159,1.0
-0.9267222165691091,-9.375917577842635,0.0
-1.258195921596723,-9.803046912528298,0.0
7.1654578898256425,0.26207313596878556,0.0
3.247558223821116,9.67086540314012,1.0
-6.1241621728716655,3.7675667799942687,1.0
-0.7903676922705021,-9.603324374122943,0.0
-1.552737591215429,8.341841714347293,1.0
4.993901136128439,3.952230810056898,0.0
-4.054279053676028,3.406902916739858,1.0
4.9397258013989855,-9.401754055172981,0.0
0.12706490559153671,-2.3821982390362866,0.0
-1.0408265010256006,-5.774632477694159,0.0
2.14599151981999,7.108331616475908,1.0
3.8249708452226994,-7.561357279156979,0.0
-1.092824168216902,3.4698851316001793,1.0
-7.07354074862141,6.135355391440999,1.0
2.643611940571244,6.5133937725439885,1.0
-4.478041811424989,-0.7681679492337228,1.0
-9.0156948074777,1.2705067366934273,1.0
-6.204796462082407,7.510238462809646,1.0
-0.8719511959424846,-1.1697333401013665,0.0
-1.3074463298479593,-1.4701355442541484,0.0
-1.5647291235312295,-5.856745139817914,0.0
-3.9312776564827523,-9.64346311057535,0.0
-7.276140522793327,-8.732989034848796,0.0
8.679699759454756,-4.316672872329786,0.0
-9.193857157179131,4.628264943764615,1.0
-6.056036584665769,2.1167729228941106,1.0
-6.170911187171693,-4.358520711762635,0.0
-9.908846986658478,8.804056931516957,1.0
5.828215968780912,9.53170131854786,1.0
9.5518742457512,-9.031270270542711,0.0
7.376575635881583,2.539519323339089,0.0
2.245923219477369,-6.8906592202053325,0.0
4.040415524243965,-7.359250242321211,0.0
-8.150209202331043,2.3213603815056967,1.0
5.888955315054629,2.4748991093952526,1.0
3.125221794064366,-6.700540803987078,0.0
-7.603350362694677,2.4109168692767398,1.0
5.804512032459545,-6.283136961715979,0.0
8.508969135522364,0.6161540821050142,0.0
-8.901164713249923,-6.625210473691161,0.0
-4.873660157082799,2.7489232693081718,1.0
6.501143621946156,9.169916667003768,1.0
9.840087544860516,4.999306274589827,1.0
-4.523501935724998,2.7441427054738696,1.0
-1.5978155138102643,-6.526898497003648,0.0
7.564510533658243,-4.7829916547933955,0.0
-6.908334776992935,8.938348544701668,1.0
7.1660856216907405,-4.702973864363187,0.0
4.1502944438753,3.0878005127367203,1.0
-1.3127783750569062,6.800318939139515,1.0
-8.345117983832555,9.900202407208852,1.0
5.876536307473154,-7.858050490317847,0.0
0.3806039241745456,-6.237779032816895,0.0
6.9388826488203925,2.629614709099613,1.0
-8.961548096961767,2.9958484585991556,1.0
6.633758108699858,6.597241430282164,1.0
-9.354530378981847,-8.925167042437252,0.0
3.2220495521064194,-6.571569949370297,0.0
-9.622836573306131,1.6492528978697703,1.0
-9.457355066957248,2.1038810763698876,1.0
4.108795744098085,7.5562085570968165,1.0
-7.83411051838411,7.9457654926882135,1.0
2.6796938237190755,-8.13749006977723,0.0
-4.836949546650835,-9.329402550204591,0.0
-1.234451873452116,-8.411575317640665,0.0
-7.638202811105968,-6.247483920212458,1.0
-7.649578308325779,-4.82226020299513,1.0
3.2451549495049488,7.668084529459801,1.0
-3.998855229615703,-2.525640122191146,0.0
-8.740404843694378,8.627084651077737,1.0
-8.867090589441986,-9.075090940415818,0.0
4.307584255236547,2.0998340960597623,0.0
-6.047418076339661,-9.833148198013008,0.0
9.223327591297284,0.9473952433662252,1.0
2.3774878158976875,-6.159701242535758,0.0
-5.190539820256221,2.067486279308673,1.0
-6.240060700937784,-3.3415359831400693,0.0
1.0487958548379481,-5.3389080540545475,0.0
-3.118981209660916,8.715595814246896,1.0
9.527980214518298,-4.562110429462523,0.0
0.19076552869218055,5.751175880343256,1.0
-7.2118445001936005,-7.429798220720558,0.0
7.393746572716125,-3.4887041791227213,0.0
7.594732701273113,3.8427034865149405,0.0
0.7682093512314871,-3.0470795658939114,0.0
6.059156799435833,0.9847061549039609,1.0
-9.083794558418543,-7.310219248428178,0.0
-2.3270341079801966,-7.571319930792004,0.0
5.461214050245092,0.09181665846118037,0.0
-7.342579110926617,-9.332253166516718,0.0
6.585347112461065,2.969177332362424,1.0
5.038617515066527,-3.8212946376272905,0.0
5.053490129688019,-7.293697392946889,0.0
-8.300980324333027,1.3175639830311692,1.0
0.8582165361365828,-9.342800796261074,0.0
8.574129278484321,-0.9831041804996143,0.0
-6.508922011810285,4.23069464443363,1.0
6.32538961216034,-1.9590594445461171,0.0
1.3754224696931754,-6.482209097585574,0.0
-7.395184424988455,7.668043375388823,1.0
-2.809323406070199,6.638219396014819,1.0
-6.4257563812081875,-6.864671698403941,0.0
-4.723956870425212,-9.973067246237765,0.0
-5.317697576266108,2.3398354380432114,1.0
4.074189228769061,0.39420419698226894,0.0
2.1251342326661398,-6.1747576524288466,0.0
8.926793252189512,3.4814962421885767,1.0
-0.7534620189524581,-4.1778759440384805,0.0
-8.258649944519657,-2.694452315553484,1.0
-3.922290177044281,-1.8858282288483696,1.0
-1.203702850401129,1.7688805834330736,1.0
2.2643462285262412,3.917762776946738,1.0
-1.9394192017405683,-8.480665420175114,0.0
-2.7403428610678704,-4.121583596582217,0.0
7.521896306047626,1.5050427625663776,0.0
5.37904821264476,7.785611911353982,1.0
-6.069413688196179,-1.5399472574047195,0.0
-4.308414879923057,8.177656679301315,1.0
1.7813888067808996,4.762936319494775,1.0
-5.469533793069397,-8.774530176364907,0.0
0.1770131339203278,6.842082551910835,1.0
-6.798140804074649,-6.9288314564030635,0.0
6.918970855690873,-0.7008931590477889,0.0
-8.01979440757028,7.905609920702652,1.0
-2.3227124019730745,7.889442187434625,1.0
-2.4789338906182135,-0.4917468970212209,1.0
-5.714549346675259,-0.3155481012349881,1.0
6.344832430329944,6.15692128434317,1.0
2.0581337997415154,8.641766805007059,1.0
-5.5455931313656155,6.954643794037498,1.0
0.15404014195587834,-5.2126964611310544,0.0
-8.426782206308573,6.784535532610725,1.0
1.6995027023794957,-4.6026303181692585,0.0
-1.387564730606826,0.7029929020016485,1.0
-3.7458802206598563,-2.326868214285593,0.0
-9.671991677077305,3.9464773449967243,1.0
4.920318810511493,6.261693100077114,1.0
-1.9378454806924985,1.4713438532783822,1.0
7.044925133890182,-2.0165257311716056,0.0
-4.579978256626321,-9.161030324899357,0.0
4.928440440209359,9.169194040452492,1.0
-0.2863108444366542,-5.2763108049954095,0.0
6.633308842322773,-3.7699819976448756,0.0
4.7684550304580835,-6.037729051200653,0.0
-5.603940808401491,8.145074778113404,1.0
9.18726799121184,7.600157317141207,1.0
-2.3156901830450245,-2.358979777886871,0.0
-8.534242848103716,9.282713478943151,1.0
2.0150784269156965,4.428945234179491,1.0
-8.944376888988273,2.813642636768556,1.0
7.111240670226394,-1.0148839699650942,0.0
-3.87069047654383,6.394074294275541,1.0
5.5702415315044576,0.6151234315726111,0.0
-7.635151332870116,8.726212828870569,1.0
-5.328987926736075,8.806917764379286,1.0
3.5135580772256,-9.03982885634649,0.0
-7.294117388726098,-1.979041339566388,1.0
4.28789094679111,1.2577338677369294,0.0
-1.6788303474895567,3.164678483752608,1.0
-0.7217793965301915,9.99212107029954,1.0
-5.533796607160937,7.686135984030031,1.0
-1.1548816961101167,7.644777892431755,1.0
8.233164225655855,-5.781219498792678,0.0
-5.7631385512947,-9.575120524733542,0.0
4.454569533617377,1.652997202259101,0.0
-6.776185614560064,7.072884461468753,1.0
3.6432629927637965,-2.804410309260028,0.0
-2.9143092797268206,-0.09724045187673447,1.0
2.5013070988026094,4.3569924926743475,1.0
4.41222753465237,-8.027818808825602,0.0
-3.2835432090768446,4.141311932450883,1.0
2.7965300064744767,2.7685027318254836,1.0
-7.6128448241083335,7.150323577238812,1.0
3.2817343602499793,-8.984958474717983,0.0
-2.393172950787723,8.885049330483572,1.0
-7.017892194168896,9.065511441296518,1.0
1.826509428077273,7.1862496783364485,1.0
-2.2150568303498863,8.522082508679809,1.0
9.91612003988672,7.898548196053319,1.0
-7.442096931431459,4.1864809880279985,1.0
-0.6551174362924055,-7.618861638334553,0.0
-6.119014764475905,-7.666493046775875,0.0
-4.7154216864690035,2.4187471535850946,1.0
0.5303880941830457,-9.896746209265391,0.0
-5.54211760166811,7.097653267749582,1.0
-5.422038529719395,-3.521848581061957,0.0
-5.716521626091207,-7.663660176135478,0.0
-6.377036752721348,-7.430890824673813,0.0
-9.75332796792314,8.342787533361236,1.0
-7.0137814984421105,-1.003249222442113,1.0
-9.281710086872124,-1.724613198378,0.0
-7.385750106767668,7.691155149713097,1.0
1.6793629001516042,-9.183307672604828,0.0
-4.278444083353725,-4.284915929944296,0.0
-0.5297799417393083,-2.137284857247728,0.0
3.907486792491902,1.9261673860476236,1.0
9.89976201179763,6.846867828262823,1.0
3.9623133945576576,8.295339811241078,1.0
7.014682263745961,-3.9263417688458446,0.0
2.9453478721205855,-7.268525265023746,0.0
8.44760991114364,-2.8432336596716157,0.0
-3.77451173425057,7.035034941918511,1.0
0.719752965847567,3.9879289664486564,1.0
-6.369073031692285,-4.19457051050578,0.0
-7.506541193218346,3.125693938650736,1.0
9.012275737327595,5.339286229466918,1.0
-6.744909091278515,4.2707657224886475,1.0
-0.24118273389514933,8.44130392561922,1.0
3.4577984748003168,6.253237619257153,1.0
2.0889589847051795,-5.554481313885889,0.0
7.388894745055442,-3.1402379693451365,0.0
-7.438618754599105,4.866684064343739,1.0
0.7016242029077002,-1.4806335320829156,0.0
8.047035723430607,-2.292588477568092,0.0
3.082602559987798,-1.4934023021938465,0.0
-3.090645056839514,9.234653939386106,1.0
3.553712952242174,6.134412493486771,1.0
3.1827570725578287,9.40033290622565,1.0
-8.937489367000657,-2.0248716847602877,0.0
6.632622195267757,-8.955523301622424,0.0
1.855012214340574,7.12781025736199,1.0
-9.27548924967217,-2.7995835724104996,0.0
-8.962464739600815,-5.584016758647614,0.0
-7.575593688737587,-0.0077967612220177784,1.0
-9.188822809245995,9.898648808805927,1.0
3.3119638284881585,-0.14775368820177803,0.0
-5.021233095474999,-5.72786017744016,0.0
4.0486558038177005,-8.524408077643058,0.0
-4.190324010774069,-9.477388601825577,0.0
7.422053367178339,1.9548518725656123,0.0
5.176268631357505,9.078971308065455,1.0
-8.803250543702712,2.8467713385928324,1.0
-3.670853844652447,3.520965555516078,1.0
-7.925036337080387,3.8793730933610675,1.0
-7.065701157790958,-4.394493274394094,0.0
1.307468636170876,8.380840551721253,1.0
-3.826696269890169,3.128221108427997,1.0
7.483993385505897,1.4214834496254163,0.0
-4.931268196865548,9.265717658281105,1.0
3.8489693428039313,4.095692348363066,1.0
4.987321811136562,-8.219100447372698,0.0
-8.162846887483088,-6.208581990008522,1.0
-0.6489892851365191,-4.068131939530808,0.0
0.45254488790309466,-5.392937158038274,0.0
5.603666545999404,-3.8044580542908513,0.0
0.33605679675855527,4.017214488447445,1.0
2.0797462103915283,9.646941329881432,1.0
3.5984932463659405,5.377310174585968,1.0
0.9540921435608816,2.910106625007689,1.0
1.2001348091750579,-7.905542371598486,0.0
-8.241233447763623,-2.496560291507077,1.0
-5.55658644072537,7.895646570912909,1.0
-9.764852888103896,8.929737634909408,1.0
4.671887572856894,-5.831610618641456,0.0
-2.201325749751744,-8.721842653843295,0.0
5.556646368475441,5.0591786398334815,1.0
6.73231799988298,-2.813612577941753,0.0
5.554737618215967,8.88562419064722,1.0
1.5589777416889632,8.10637876839925,1.0
-8.364868904781472,3.080459941745202,1.0
3.798581484430274,0.5348545028069545,0.0
9.80477472893594,-2.54638533231417,0.0
-0.7568054851609833,-1.103649442551145,0.0
8.225888637716249,-5.477510000971197,0.0
-1.3059542767068937,2.440500930990094,1.0
8.1850924526284,-7.874530486194984,0.0
5.4475272142018305,3.658379736218656,1.0
-5.866386679871127,-4.255627635409958,0.0
8.209317101412328,8.120489933001238,1.0
-0.8416923776513165,9.990231542604377,1.0
8.702647640618363,-3.9134934048737158,0.0
-8.90028361691872,0.46266884929406515,1.0
-7.958021646615281,-1.8287290029032803,1.0
0.8455942154108964,-9.105040165911195,0.0
2.5032797109606815,-0.8910157916992851,0.0
7.146699358994365,4.50572193567336,1.0
-8.15960269271078,1.5075645950235241,1.0
1.7205759507028588,-0.30351706035446746,0.0
7.051533990324376,6.987274319625179,1.0
2.713182992796055,-2.6063640006617366,0.0
-7.603460765730247,-2.267155404606407,1.0
1.845743528065988,8.539374656614807,1.0
-2.37960024648274,0.9795737968357905,1.0
8.583956003557624,-7.244981645835371,0.0
7.667507248728047,-0.7939580040448586,0.0
-2.3872132668564845,6.203167530376884,1.0
0.7251679248157661,-9.536504332696605,0.0
9.962615455373719,0.06529433131721518,0.0
3.0303480982739988,8.593427026930065,1.0
-2.062807666018392,-7.863870551264059,0.0
-6.453900066206028,-2.949253101579763,0.0
-8.425540780118212,2.7204324811117075,1.0
-5.348493311222347,-1.9862766289415852,1.0
7.777901004858169,-8.763392561250738,0.0
-5.501813191117555,-1.179483501916529,1.0
3.157433875761921,-9.831060139918975,0.0
4.486648303407232,-5.7381403790906305,0.0
-1.8065653675878846,1.6083420657567498,1.0
0.8191875472876156,-4.583502463073286,0.0
2.7424668536855243,-7.251797989860977,0.0
-9.242058362852251,1.289826212432164,1.0
-2.7751798013187816,3.14196409552326,1.0
-7.636444373018641,-0.942747325067316,1.0
-2.154635205498101,-8.865744620884144,0.0
0.39574569967463447,-6.427806052605578,0.0
-8.585787121999765,6.415554929637409,1.0
7.525353888537335,-8.47778771267151,0.0
1.8843697127164525,9.936179531121844,1.0
9.222665231512146,5.757674943416722,1.0
6.757536014977163,1.9743607306803845,1.0
-2.8659027848554803,-4.851419141663573,0.0
-1.8136235641977354,2.6937121415008605,1.0
0.6712134967090471,8.029702393616994,1.0
-1.2068242572162866,8.569787914771418,1.0
4.631749544952498,-7.214605312931345,0.0
-2.869035772502036,9.993999196814322,1.0
-8.235418681236212,4.516368719443005,1.0
4.735993563796118,-6.684573117466657,0.0
4.785124767185563,-4.780410365299426,0.0
-0.309252487625006,-2.4337401195736463,0.0
1.2431278837366389,8.551887458122206,1.0
2.9200285294534467,9.399252921768294,1.0
3.198601480297139,-5.300578160321125,0.0
-3.5298218943584807,-7.200833924314436,0.0
3.2533663625754805,-9.185195804225991,0.0
1.6088659190827777,-1.232137523417343,0.0
-6.851627928805071,-2.8639314477307964,0.0
-9.361266489402961,-1.0157952300501112,0.0
-9.659054496387709,-6.84536034198765,0.0
-3.211134925329679,-4.166255667274368,0.0
4.653852691238633,9.613944737840253,1.0
-1.3934212615072568,-8.352022854735218,0.0
-1.654096085644328,-2.329459451180435,0.0
-3.018385558291481,-4.093596637488217,0.0
4.154774509509554,0.4243726536953929,0.0
9.828697602382544,7.357965743665037,1.0
8.188884038486744,-7.592427014957453,0.0
-3.662745283420829,-6.2913379664969415,0.0
-4.712616965421789,-1.076966946235654,1.0
6.679193520405132,-0.04064520599269272,0.0
-4.263868908633186,-8.861491696983734,0.0
-8.058942733534604,-9.500483254284767,0.0
9.133332937636773,1.735174872074161,1.0
-7.12656781067861,-4.857452494045353,0.0
3.407200334742466,-8.427417385904585,0.0
3.625861961645514,1.6335396764837213,1.0
8.69752212334435,-0.3551300183205832,0.0
0.7334350918769168,4.921863491778115,1.0
-9.673128917711779,7.9000399872324465,1.0
3.06816938970484,4.201757854785699,1.0
3.8856041696597643,4.208731454253197,1.0
3.3201688596727905,3.4080455600411312,1.0
2.3893315980336656,-8.524228125807804,0.0
-2.0622786527518127,2.6657898151355255,1.0
4.176939811124985,-7.9125390862434,0.0
1.8311335393867463,7.844035452550489,1.0
9.764484343852775,-8.57899891215758,0.0
-9.732217624130485,-3.0711202967941347,0.0
-4.268792904685654,-7.322324991763233,0.0
-6.381100084747651,-0.028185790180009107,1.0
-3.480838387595961,-9.32994648859373,0.0
7.424797360775493,-4.18042519779922,0.0
-9.43333557644004,3.897556766474384,1.0
3.081066156504299,2.184844723811061,1.0
-1.1433086019064032,9.376713204722023,1.0
7.500852284578187,7.963427029443096,1.0
5.389661908160008,-0.06822796699754896,0.0
0.3903913434900588,-4.766176072640125,0.0
-0.8020685631378406,7.4238689356762855,1.0
1.9353422310312673,-9.065800637860079,0.0
-8.425807636794438,-2.2563403696229063,1.0
-7.2170519439619385,-5.876957231174387,0.0
-9.446540150189497,3.423325472846672,1.0
-4.826702733822607,-1.5234738670630286,1.0
-1.0288499842527994,8.644791974387456,1.0
-4.237123439737167,-4.161260590140543,0.0
-1.2791654220111361,-2.8584607520543193,0.0
-6.942722897531763,1.1630075380380056,1.0
9.696197869124742,8.907341490016261,1.0
-4.720891941802005,0.25224410197877845,1.0
-9.809998491082222,-7.263331088484417,0.0
-8.19198925810479,-8.454976510717456,0.0
-9.56401412780603,9.383351477329253,1.0
-8.28746730210902,-4.2319272026453465,1.0
-2.474625316826713,5.556506118288361,1.0
-7.542651556602986,5.688365004118506,1.0
1.3859087819671565,-6.450407667055275,0.0
-9.201918968691508,5.347673031363849,1.0
-6.775032991173948,9.035935694569027,1.0
-0.050289205073710264,-7.3990729933674615,0.0
7.002462778009544,-0.23297892947190846,0.0
9.851057166125123,7.8904524461388235,1.0
7.926063609366128,9.063138857638968,1.0
3.1444931026911185,1.17506286006941,1.0
-8.063599117332895,6.609468398756267,1.0
-7.039105628727498,-8.729094985014328,0.0
-0.0661506514699024,0.09063935824106295,1.0
3.0215926990987967,-0.6318433670539179,0.0
-6.322196967827665,-5.502328514624317,0.0
7.49268422172959,6.627171754469202,1.0
5.317311644002661,1.3289238495250864,0.0
2.141100437662402,5.293802495750434,1.0
6.88512750669933,5.250177850530843,1.0
3.3200112958185084,7.877169919636721,1.0
2.6452072577596404,-7.68603110465389,0.0
-1.6583557657901835,8.59654138224866,1.0
-5.8594002944293795,-0.18403721967859887,1.0
3.03423859695296,9.39596485467408,1.0
5.494892356813999,-4.321522157914897,0.0
6.855121271455957,-0.1636374098716189,0.0
2.3747664799125427,8.968695624461333,1.0
-2.116187316123095,9.950416921023184,1.0
-7.346160379082381,4.339244746528795,1.0
-0.2599437585354831,8.553620354627828,1.0
0.7120534417347439,-3.3496940155801136,0.0
5.354323940267028,-2.5309952115540657,0.0
3.1514962189378295,4.558385274672057,1.0
5.815629426141513,3.3950070383419106,1.0
9.360699891708713,-4.80085236375738,0.0
-8.798481361747136,-8.644578226192278,0.0
3.488991959892809,4.122141173192009,1.0
8.076526635288094,-5.0958716655436405,0.0
-0.6708926148249326,-5.357025479149867,0.0
-6.3021751456247,7.139745553528787,1.0
-5.966527764794374,6.367107431023818,1.0
1.1055178677262347,1.1529857124172231,1.0
-9.774403494141158,-0.5470280679146828,1.0
-6.3652964364977205,-1.6617441185798327,0.0
2.0156531632785875,-6.2233762633005885,0.0
-2.2434022718380735,7.6742766473422535,1.0
1.379913633343758,7.060597322524856,1.0
-3.1036313889375444,4.034235349018591,1.0
1.3696255579333165,8.099127308829182,1.0
2.6020936221152517,7.169646328779205,1.0
6.049513071111967,-3.6302733298111756,0.0
-6.523730025872343,0.5745091259782615,1.0
-3.9768773589361732,-9.618562317779523,0.0
6.54556961830885,4.559130631064727,1.0
-3.5110562187697036,-7.305640221391423,0.0
-1.3082148049709197,-3.765850133641779,0.0
7.412523870495729,3.5725117068932395,0.0
1.3822850958323514,-0.8836316857451472,0.0
3.8090316701106666,4.202331870865297,1.0
4.895202598298194,4.468234084525548,0.0
2.367084546854297,-8.80970895198315,0.0
3.471555438026437,-5.209345856125331,0.0
9.941912240322214,5.846571140538186,1.0
2.0653763323810796,7.821774047081675,1.0
7.971682288044249,-1.1893165087247493,0.0
-9.877735178365892,-2.9305183352202047,0.0
-2.122050980621424,9.632958055741014,1.0
7.9515028158736385,-0.7354483475819169,0.0
1.2904133944663894,-6.206156641397714,0.0
-3.0144773491021892,-9.757625468923283,0.0
9.900039944141405,9.482529523035517,1.0
-5.301093828828578,1.6384380115241015,1.0
8.239270076925724,4.48477830951723,0.0
3.898008890426949,2.937802124372828,1.0
9.146332159566846,1.2588848974421492,1.0
7.09219169431918,-3.6090304573540273,0.0
5.4081247891407145,-2.013102555171569,0.0
-4.603612498263436,6.3128624538859555,1.0
3.53312327667199,2.6966521187226924,1.0
2.1056600188909407,1.3057619307517658,0.0
-6.697705956742861,-6.606068611555429,0.0
5.310191301310347,-4.768416020714223,0.0
-6.842738394467629,-2.0992802398746546,0.0
9.8875622905473,1.9911270395250913,1.0
-8.136930465548415,-1.440350556577613,1.0
7.077901939807063,7.031447899768878,1.0
7.164575253441409,4.256054211118309,0.0
-5.815241130703406,-4.857970992046441,0.0
1.284781648580747,9.128706669261526,1.0
-4.458177125910878,-1.013434471279524,1.0
0.07632774496104844,-5.1512394316232735,0.0
1.9716548160548086,5.1519935055250485,1.0
9.520941246357953,-8.238035373902648,0.0
3.945730539151665,5.063217053855295,1.0
-6.463216669128968,5.711525662829651,1.0
-5.628680718348392,3.251114557696873,1.0
9.810626443720448,7.7380393654552755,1.0
6.499732458505086,-0.8314931821778906,0.0
-7.973569413980968,9.889010550876549,1.0
-1.7926444123744254,-1.4958779981936114,1.0
1.8040028035305848,-3.6325056688853197,0.0
-3.8213583946768708,-4.637750080355724,0.0
8.94164510299532,-1.7510391951131314,0.0
-9.146090435876626,0.7238280332337776,1.0
-5.781615710664951,-5.0132170169273005,0.0
-8.625719526117328,-1.290236545293288,1.0
-7.531193477982134,2.87803983968924,1.0
-3.475856467371397,6.560600894686242,1.0
5.805740014435511,-0.14973869325245026,0.0
-0.7165767455951801,-6.998762386885442,0.0
6.798661336194424,-2.037656694669936,0.0
-9.654721457736224,-1.5279287595708428,0.0
8.118634713026537,-2.54504944858925,0.0
8.16955968930187,1.3591967833048315,0.0
7.483351814139226,3.311811079883082,0.0
-8.308705989754861,4.012096536387483,1.0
4.393007517853748,5.427476022179874,1.0
-7.24539330142234,8.213452653701342,1.0
-8.123740025761009,9.975536840714504,1.0
-9.264403347221217,8.884741451466436,1.0
3.931548764703251,-2.2711708255802137,0.0
-3.834368357442653,0.47178505474903254,1.0
9.933364320986282,-0.22347432124656663,0.0
8.232671380732096,-5.59988451230897,0.0
-8.232735215725985,-3.9505148985844007,1.0
-8.226616870926831,-1.9762172266297782,1.0
5.780114561290201,2.3539655297124362,1.0
-7.739382443455993,8.175357586151954,1.0
2.3393615166837467,3.8934147352024713,1.0
-2.859841383819159,6.8203752742219095,1.0
-0.8925545077515054,6.043425061544639,1.0
2.8519964059894836,0.3097874257396924,1.0
0.9729797898368009,8.112509691239936,1.0
-5.290703084979043,2.11565765293418,1.0
0.09433245970140192,-7.25354769684313,0.0
-9.329121569803986,-6.1520228692742425,0.0
-0.3199511016461436,5.564654301914107,1.0
-7.185421801655525,-4.1199061583385355,1.0
-5.938740879577045,-4.500673542085776,0.0
-5.160198253117101,3.2636140245589402,1.0
1.6957289258595765,-9.818480704586376,0.0
-2.9489584710625554,-2.9516480359041815,0.0
-8.36108837051942,-7.527921850520385,0.0
9.545378740818695,8.158074029455879,1.0
-1.1725155036925567,5.283052659879113,1.0
-0.30128493784745913,-8.437254236723803,0.0
-7.83793277298281,1.1204629713810412,1.0
1.6228421248322693,-9.455752114813006,0.0
-1.4070847523478474,-9.473292368739255,0.0
-2.2383908247998523,-2.0640009528422576,0.0
2.0615918438022476,4.297371165991493,1.0
-9.414061507291777,-2.6594346994957156,0.0
5.031392489764986,4.376388935003,0.0
5.414855835151389,4.050755188416087,1.0
9.337087958802915,8.95812834836012,1.0
-5.122870815200908,4.764341269212704,1.0
1.7687523209621823,-0.7629353674985051,0.0
1.2178890142608374,-6.205369269649621,0.0
-7.448310929333976,7.30341036420824,1.0
8.060155392678034,-1.465750179698171,0.0
9.921852014878269,-7.1625230996935585,0.0
-7.966420868191088,1.904901342390211,1.0
-3.2991025045328737,-9.055190637009439,0.0
6.771442428397918,7.453225195920929,1.0
3.330190289452627,7.706313396532622,1.0
-5.8901862320449805,-9.595469643234756,0.0
0.9887396551485956,0.8825913335853492,1.0
-5.592785617785545,0.6472943595132747,1.0
-7.6443124684387564,3.3731574139863234,1.0
-0.01153378219826351,8.495888229524503,1.0
8.0471384415223,-0.6777977254990404,0.0
-3.521240138891912,1.6505834791300096,1.0
8.222300525454422,-5.852523377072116,0.0
4.727617684893735,6.344328896310561,1.0
7.613418253166028,-8.099636893264552,0.0
-1.2999550306250214,-8.361176596610374,0.0
-7.877869190810145,-2.0847034590295044,1.0
-3.9904761055694937,-9.134844485900109,0.0
0.6205703363179165,-4.6934860558162095,0.0
-3.7951318175963866,4.619358679274569,1.0
-9.966273140235254,-2.3564267071743235,1.0
1.564801517432855,8.814949067587811,1.0
7.920457951405947,6.898733440285746,0.0
6.735666369133735,0.8080739047849601,0.0
-8.87474762469968,7.03266886904958,1.0
2.0005190256915597,1.3308599975988518,0.0
2.049575297047051,-4.763886401753137,0.0
-1.86975798295199,7.581248791084761,1.0
-2.220441644480175,8.417725690225076,1.0
-0.30472838773845545,5.709489895530872,1.0
-3.1606949044463057,2.1146070590975974,1.0
-4.631007974381191,9.371400685927945,1.0
-6.848568007249554,-8.094016400398583,0.0
6.956185056829831,1.4123601814987001,0.0
0.5038960352508592,-9.81139514585903,0.0
8.97969759835599,-9.111655195590611,0.0
-0.664660778875561,8.659783360097173,1.0
-8.488584943868995,1.6627326344756348,1.0
-5.819683243962648,7.379502611734516,1.0
-9.594248955965552,-8.9387460135184,0.0
-4.448934105042744,9.062383607024241,1.0
2.1897767749662442,-2.0015178350880998,0.0
3.5432385218856837,1.2618530974302207,1.0
6.316942818969597,3.2345316711321885,1.0
-2.738168497583753,-8.191779426922638,0.0
-7.3011804208064675,9.576399419094294,1.0
8.668905993130451,-0.24998129642525058,0.0
-9.123662196573472,4.907016141909111,1.0
-3.1574991602032565,3.0039367355860787,1.0
8.971304965188118,-1.4540201453674406,0.0
-0.8953813617203608,-4.220411645952574,0.0
-4.588047080610043,-3.252403236538621,1.0
-1.5680885452063187,1.2920560168902497,1.0
7.047747881347561,-8.402664511527753,0.0
-6.41015053045519,-0.1445806458010388,0.0
9.812872028050926,-3.6212509386542147,0.0
-8.071633515977094,-7.787873400061538,0.0
-6.490079057357572,-8.27883612322903,0.0
-8.116586042065991,-4.961624167061123,1.0
3.6571110042499306,5.455597996197527,1.0
3.1713468180771223,4.757646202232417,1.0
-6.098337844607869,6.307940628792611,1.0
-5.525194325555356,-3.1904033693446348,0.0
3.367205022796165,-3.7581476594503886,0.0
8.516829485991117,-8.48960894780844,0.0
7.10669948837031,-0.2959341995966298,0.0
-3.646378277766531,-6.909026429741891,0.0
3.084564656902236,-1.9466735087058868,0.0
-9.483137876055174,3.070188254520154,1.0
-5.570740569440076,-2.562150194678072,0.0
4.706631742542164,4.9454555290476865,1.0
6.473825157375678,-9.785226473190525,0.0
2.757738407236838,-5.123533039617374,0.0
-8.126689840619454,4.921335312755744,1.0
-9.07230285906814,4.377373515837617,1.0
-3.2241984810364226,-1.6505491907786247,0.0
-3.758846832607441,1.1156022813113626,1.0
2.4984213372641744,5.533390972413086,1.0
-1.896583650018787,-8.609048490062477,0.0
5.080878132751556,-1.358581921061834,0.0
0.3270168320835154,6.65389956783325,1.0
-0.3950096828205574,-0.6132717696403347,0.0
-9.605536057490243,7.703882206887613,1.0
3.546332710250441,5.114494676638516,1.0
3.1942882427119166,-8.951126636865503,0.0
2.4568773522014595,-5.204308419100833,0.0
2.0131374315973396,5.58773556000869,1.0
3.613449293571893,4.26478621742244,1.0
-9.455297859581393,-6.007897731167484,0.0
-5.909783525647185,-2.3519523089115424,0.0
-6.230276064693472,3.357370660274368,1.0
9.499131416977743,2.117361211490337,1.0
-4.687245699599898,-7.314412410494569,0.0
7.67677450701909,7.407273737606268,0.0
3.467912836750898,8.419943078086007,1.0
0.02682561069049072,8.461540816715424,1.0
-0.38289815619571677,-6.462371487028122,0.0
6.519290304079103,-0.5990299170053603,0.0
-3.8424326617127864,6.952061724950447,1.0
0.9838053630986305,-7.872084524405574,0.0
-1.5604226968412966,-0.1100556075761876,1.0
5.793548733311621,2.87680192035757,1.0
3.235924225821627,6.318956498457016,1.0
8.389051422757575,-2.7172743388723752,0.0
9.667349329473968,1.0126110270323636,1.0
2.5950782540077117,-9.462336816579038,0.0
1.0925190400827045,6.820361585300397,1.0
-1.6699613119764205,-3.5989738374659286,0.0
-1.767913445424643,-3.39227289179939,0.0
-3.5729084150850383,-6.3241867380906625,0.0
-9.386158855111795,5.517574804529399,1.0
8.123487811523162,-4.360357289276264,0.0
-8.840501128226819,9.266148672471623,1.0
3.8809308904074733,1.550667887797168,0.0
-8.553375700434174,-3.4877858666545087,1.0
7.436695186539165,-4.084219356468298,0.0
3.6078558317233558,-1.096430647718524,0.0
-2.7163572041510786,5.459397480219721,1.0
7.258071928544272,-9.199332276618327,0.0
-8.20737898014695,1.0277195902580338,1.0
-2.6553940322949217,1.0543788414234143,1.0
0.6180840921560922,4.300020346084427,1.0
-4.435922687091498,-8.248783272101099,0.0
-6.696035305000483,5.190442434125156,1.0
5.308239695384609,-1.06962251215535,0.0
9.481589718673305,9.77082847555846,1.0
-1.1020797876124089,-1.3116968261306994,0.0
-6.743155096080766,-6.4421428857822205,0.0
-2.60920291405057,7.943734075535577,1.0
-2.141497643643337,-8.157888476656577,0.0
-4.40418024884484,-3.6969442414453084,1.0
6.40972001562173,3.289137171915872,1.0
-9.45448240470384,0.8299392474063989,1.0
1.079740706705806,5.85863097719824,1.0
5.170367603770671,5.2355502937259715,1.0
-1.2668615059954327,3.3816975324999277,1.0
3.4220692987719517,8.702718473401077,1.0
9.162291946732843,-4.532488392794727,0.0
2.0673844021802275,-9.128807666037495,0.0
5.554254499354121,-0.9663782926388382,0.0
5.752465010517563,-7.233028743682224,0.0
7.179368779498244,-3.001645270131883,0.0
0.6382588825686213,8.462191344232878,1.0
7.79711898450336,5.0364417638050885,0.0
7.251944418559457,-3.553141650481713,0.0
4.15910173751568,-3.4092045233494055,0.0
-7.8245896804159765,-0.8111557239274596,1.0
-1.6862420082998568,-2.9079791391536585,0.0
-8.961426531480363,2.6518868686302284,1.0
-0.9435205964103552,-8.343160207854464,0.0
-1.7073035315984697,7.98723097870084,1.0
-8.976670799419521,7.178233709804434,1.0
-3.753317377047212,5.065830492544702,1.0
-3.2497641248390003,-7.322030390602318,0.0
-7.193388436784471,6.937546845780467,1.0
0.6191323990516366,-2.480858664482626,0.0
-2.1407793737500587,-1.968561183381441,0.0
-7.569809194924302,-1.752264924452355,1.0
2.022150483711391,-1.203436443743346,0.0
-0.2434946367652593,-3.4477327318408824,0.0
0.6496917890075977,-9.121034228398079,0.0
-2.0321882969309524,2.9649087849181335,1.0
4.817733379456282,4.047220397316213,0.0
6.211913182058119,-7.936693290641166,0.0
-1.319804801487173,4.731177027975846,1.0
4.189778093503929,0.6430370155259482,0.0
-5.301435829355903,7.020268011137702,1.0
6.035675868059876,4.774690015696759,1.0
0.8036691830870346,7.106006522146487,1.0
8.8884551115802,-4.039687158544625,0.0
-3.1531947554585233,0.9358928046504662,1.0
0.03826450849291341,-1.5524331381873768,0.0
-4.494044455924184,-3.3296141784889466,1.0
7.4074542390776585,-8.256509206865283,0.0
5.6815085375898455,6.846766058344713,1.0
9.635752713561374,-3.9548787083425907,0.0
3.898349699499196,1.8377057562354704,1.0
2.1057135826531344,7.258552290462227,1.0
-7.350819045673487,9.176187516872275,1.0
-6.551531297787314,7.659835366858818,1.0
8.48529088918998,0.9740749016638528,0.0
-9.577174323209093,-0.12512983626855778,1.0
9.724351164368606,8.955152612707874,1.0
-1.0401676032093743,-4.961488408894565,0.0
-6.4005819379848745,8.350301229842238,1.0
-2.3528474192294357,-1.9278818860553315,0.0
3.1381660528733875,4.283250400791781,1.0
-6.350537064967305,-4.465632914243205,0.0
1.1506045370991096,7.78717511222634,1.0
-7.857400563739501,-9.006071385278972,0.0
0.8664145068683204,-9.474196427315889,0.0
-8.127861639475178,-5.3538774320416564,1.0
-6.8005697355293915,-0.9830187725148498,1.0
5.003458399178326,6.319059883028881,1.0
-9.042792706786067,8.124425056812495,1.0
-6.109443107089123,1.3977296064858322,1.0
0.5120348528848755,5.23571479415487,1.0
6.200404384855393,-8.016175791027205,0.0
-2.624241848423205,-6.362135617126759,0.0
-1.2801095919437362,-1.792005826328717,0.0
1.0265743118879715,-2.8936748186060646,0.0
-2.1112844978049345,5.183650467223252,1.0
0.756292827346174,1.8210394917853279,1.0
-3.443684612943003,8.38833287969528,1.0
-3.0886883185391163,1.711939900461843,1.0
8.391631790066118,-7.903922148335878,0.0
-6.337643424532679,-6.717238343020462,0.0
6.27402422848094,-4.769045637755407,0.0
-5.177360898492129,2.3580736017000525,1.0
3.1100313806020896,-0.33116146035208516,0.0
-7.292851504547288,-7.342780100788795,0.0
2.4263813403512096,-6.883002852077594,0.0
5.976042807818434,6.057444915440222,1.0
4.295246135108744,1.0803309702534492,0.0
1.1032639201777634,0.6848059959043091,0.0
1.4981745070599963,5.138942353048803,1.0
6.704367545855451,-9.46528990122977,0.0
-2.252645829899455,4.623456927961287,1.0
-7.13015656026597,-3.7938975886920527,1.0
9.982444797643616,8.907075456176429,1.0
-7.820139501270997,9.64695227064184,1.0
4.547982845864002,9.325061547790966,1.0
-5.189163641025778,8.235521093790716,1.0
9.531978686728806,4.926856703099443,1.0
8.048055727520516,8.297470064364276,1.0
-1.9987430347084185,-3.979720595654495,0.0
2.5442636410065838,-2.118202569694903,0.0
-8.585130674210122,-8.957201395310438,0.0
0.149026106735624,9.10445953727858,1.0
-2.9433527211046995,9.58639333626147,1.0
5.596424819062904,7.17377055361521,1.0
-5.61948107858814,-6.749241555663716,0.0
2.583781441377848,2.9001419589518598,1.0
8.12816285542857,5.081745468948522,0.0
-5.447427971760654,-7.546514523192114,0.0
1.634179110338236,3.6349713508091046,1.0
1.6950998468319138,-1.8731589798560062,0.0
8.138395830578546,6.145171764813707,0.0
4.736904866292948,-9.377283610529759,0.0
-7.5884501009641925,1.9917176467568236,1.0
0.7620290978435467,0.39472502277836163,1.0
-2.6412225912982246,-9.890534812465642,0.0
0.015878058793068917,-1.443175902857579,0.0
9.03961289522178,0.5841166140720837,0.0
0.5767398967651882,-8.857063498620318,0.0
-0.4712201445276314,-2.2902419156004594,0.0
7.754791027554639,-3.2151682630647045,0.0
-0.3987199447653449,2.729505474880865,1.0
-6.1357899172384105,-7.249077982605529,0.0
7.157285728938028,-6.955075694112947,0.0
-6.680482704740724,6.435351457717914,1.0
-4.722315909434411,3.338236441362765,1.0
-4.926337971446186,-6.297883142830569,0.0
-8.491562826403637,-7.578684916100431,0.0
-3.166474950312339,-5.504228842916865,0.0
-6.563695960803393,-8.748719396936977,0.0
-8.04268477219008,8.830817338434777,1.0
0.24860742702239413,0.8493359003630889,1.0
-9.362670923058277,-3.072363322197731,0.0
3.692463068585358,-5.653482439850914,0.0
-1.1693381710116881,4.500223563244447,1.0
-3.6189525515081904,-8.420305300268387,0.0
3.132914742514286,6.930963207600879,1.0
-4.160471406218975,-8.172071993770025,0.0
7.711720637743738,-1.580357238780607,0.0
3.305359614906344,2.7270598344754067,1.0
3.7071862236260458,4.3365663830887335,1.0
6.105235370471981,-1.0778320723235595,0.0
-1.325763030076324,5.968180219220011,1.0
-0.33263398484749906,1.5982450856940833,1.0
-5.7442246020557715,2.8554756313841683,1.0
-1.9371014955515609,4.499007227548946,1.0
3.3877181674860815,-3.9255110318097746,0.0
2.260716731307662,-7.308607302483376,0.0
-3.8101879515379133,8.132441078207446,1.0
-9.853114533513597,-8.451795532885916,0.0
1.6115650121533918,-4.463494453907602,0.0
4.599532921349002,7.562764544010388,1.0
-9.042230904436492,2.962692973872233,1.0
4.050475457106186,1.860600320866844,0.0
-9.284119464610605,0.4471681836711632,1.0
6.719264039324809,-9.910703714012431,0.0
-3.453055517047674,-9.610056273396932,0.0
-6.772535125456485,4.773989948739885,1.0
8.334777167394805,-9.860965599853316,0.0
9.165244261227144,-5.220345914654487,0.0
-4.116619981351548,8.908807114892674,1.0
2.745710500475605,-0.7828023195018279,0.0
5.226114577188493,-2.6933665827144804,0.0
-6.658323885755461,-3.606785448643068,0.0
-4.819881893537206,-7.773229272508326,0.0
6.426179831138622,-7.580198515345733,0.0
1.513333084652249,-4.080734109837074,0.0
-2.90150812877992,8.809377289916057,1.0
9.52786464616684,-5.678163606870985,0.0
-5.402161765774867,-6.937853487498991,0.0
-3.7503958704890827,-1.6261493510452656,0.0
-4.572415682771027,-6.332258134094468,0.0
-9.18637666600365,-6.309420600413011,0.0
-9.622822810485838,-7.931660775524221,0.0
-4.040826238074837,-6.7661214114319,0.0
7.457586134591217,-5.342133502447679,0.0
-2.9933627879915337,5.036007670900675,1.0
-0.012494734972152699,-0.34666227367615576,0.0
-1.780741313542098,0.40839372469800495,1.0
6.777330790654023,7.762648980248265,1.0
-6.394275645579284,-5.064037097175693,0.0
8.420088017506984,3.00363665519923,0.0
3.7908447852888454,-4.383887765620171,0.0
-4.46527499656018,-0.21219215706958572,1.0
3.9580139056245187,-2.161430361810064,0.0
8.521996044041586,-0.4041699700136103,0.0
8.584080559684729,8.151507429042969,1.0
5.272274733659742,2.1042024658489176,0.0
-9.530361256678063,-5.782826398123153,0.0
-8.844043186110097,-0.08132637277163823,1.0
9.028515024611035,2.1412271279897492,1.0
0.29369212601501715,7.017889034434887,1.0
4.832683205295895,-8.239551222225662,0.0
-1.556783946345286,6.786309181826194,1.0
6.660394781067222,-7.053272061971341,0.0
-4.726475262178238,-7.869810659108021,0.0
-4.56600007703331,-8.678766890219798,0.0
-4.521495258822458,-0.9415475952570969,1.0
-4.61970258516722,7.5223699428272575,1.0
-4.432829631090476,-8.617379071755277,0.0
2.5286271958083866,1.838595552924069,1.0
-6.642703864031363,-8.851878634382588,0.0
-3.01768031679448,-1.0607532767971364,0.0
9.260548182137079,8.235951937403417,1.0
8.723228735865902,0.7194187812145856,0.0
-5.041209858699829,1.9477570618018607,1.0
9.360667417409232,8.549070806365911,1.0
-6.213866602677028,8.956272735433384,1.0
-9.98630265367555,3.8196597632248412,1.0
2.8961715027996764,6.653630595883307,1.0
-9.690178060354416,7.304734410017957,1.0
3.316184220187708,-3.649086930869885,0.0
-7.793731822395165,-4.06753372689084,1.0
-3.7385202216926032,-1.2456617647193866,0.0
9.55481944247671,-1.6816040723726147,0.0
-9.391328584358911,9.124926341521284,1.0
8.889204414766049,-9.656240683781988,0.0
-6.5200465527620715,-0.43500340292262507,0.0
-1.090995990687631,-6.899484731035033,0.0
2.128049303587149,0.05594236405380748,0.0
3.817730839419527,3.170438589117051,1.0
0.6508425351438074,8.65925012034209,1.0
6.348112894660286,6.6538255202085175,1.0
4.726892767798185,9.665780417226898,1.0
-7.661264997208783,6.936649985784221,1.0
-0.34060124506413914,-3.0348469423599367,0.0
-5.188986440385879,1.5627363579656723,1.0
2.3772117188354613,7.399225438860203,1.0
-7.6086474883304,6.504615792075864,1.0
6.104100891223769,-6.364817707891788,0.0
-2.956137841759256,-7.5821731283206395,0.0
5.630005552871676,1.1042325362998628,0.0
-9.369803377646843,5.796652576241431,1.0
-3.0813292967490753,-8.706741529257124,0.0
2.127360012997933,3.689001085235649,1.0
3.818835564478153,-8.706378251218393,0.0
-5.32826356497464,5.759830507014563,1.0
3.685551561289781,4.276927881933819,1.0
-7.326475494305223,-3.3689228870352883,1.0
1.635178350943793,-5.156650090804611,0.0
-0.0618613128397012,2.7040384511898825,1.0
1.9389293176008415,-9.581866876256754,0.0
3.6941437977775227,2.6936945876147984,1.0
1.7025472678556834,3.146106627905251,1.0
-9.830743372542399,-9.236079145139612,0.0
-3.8965409602388146,-0.7220360493572802,1.0
-9.448831867408433,2.3123239856624185,1.0
4.607815850575914,4.77636325347323,1.0
9.804507142111149,-9.614251152262645,0.0
1.463818392573792,-3.9217555511148827,0.0
-9.794740657219386,-3.4819301327154157,0.0
2.0928842937194148,-4.032724683147668,0.0
-3.6608751442002063,-0.4227344202070249,1.0
9.453162878879095,2.638174091426894,1.0
-7.710960004285479,4.527159338477141,1.0
-9.350677983701502,-5.856013632852557,0.0
7.599436559773199,-2.193293902741937,0.0
6.6556724469648785,2.69783793776028,1.0
-8.447741827151628,4.604032910717679,1.0
0.3686757992641372,8.078666420039994,1.0
-8.099028003430053,8.557285926410234,1.0
-7.222094152814509,5.787342629768315,1.0
4.616394147385783,-5.719540305844067,0.0
8.103707102002069,-7.674514909251022,0.0
-5.298574224058454,-9.850592794031744,0.0
-5.515194572386246,-4.216584053617822,0.0
-2.8032550476872213,-1.4092014766096295,0.0
1.0038858392200325,9.295456666808693,1.0
6.148077106564362,-7.373811071549932,0.0
8.667493544776455,-3.6151695325134074,0.0
0.6134321715501283,9.33487468764394,1.0
7.662539928276004,7.9572346591679946,1.0
3.505649920170274,-8.592714257364204,0.0
0.7698798254474362,3.4882844487821743,1.0
4.188228374189979,2.867825063544121,0.0
-7.963213223724244,-5.873665541990616,1.0
3.4749112108514897,9.930211342002814,1.0
5.658242728291649,-8.078910254126423,0.0
-8.707611296396507,7.623380086616017,1.0
8.997061389901177,-6.350134821161035,0.0
-5.022400700457405,-8.987061148578588,0.0
-9.068354543446755,-4.080014402365251,0.0
-7.805322102793815,-6.911338759368963,1.0
-9.381482116834182,4.742004822612911,1.0
5.676772440983736,8.25403897187288,1.0
2.501730160183186,0.2562235809900404,0.0
-1.736948704706938,-3.2160508060899655,0.0
-3.5394543074157365,8.162599968101112,1.0
-4.524877574536649,7.431880338942484,1.0
5.848272370863379,6.524361075005167,1.0
-3.797268608589439,1.3652092873561,1.0
9.716213481925124,0.012229141493635964,0.0
8.50679781143947,-4.074867203797621,0.0
-8.091533427918465,-7.314070623990759,1.0
-2.7893917419740717,3.891978288650167,1.0
-8.11977460903097,5.306940780788034,1.0
9.47090028069066,-9.231660739017544,0.0
4.097967020355222,-1.0135809993869564,0.0
2.8269396838871863,9.760427252117228,1.0
-5.011715666586989,5.843997094653531,1.0
1.3224850689586614,-4.951574825026377,0.0
4.417305871301796,4.701157651627248,1.0
3.048623710287764,-6.667934099153605,0.0
-8.773539960712078,-5.686005561664878,0.0
-1.6967674153242367,0.24819642059783753,1.0
-9.702770999586988,-4.393407917699774,0.0
-6.130817551836865,-4.646540900146348,0.0
-8.37706750339917,0.1304156205575282,1.0
-4.915907641875208,-6.464600885456148,0.0
-7.367575550551431,0.49171952325469626,1.0
8.604132817375572,-1.3775991464432344,0.0
8.957081088920742,9.102315014934579,1.0
8.082337263609809,0.16347977912732503,0.0
1.778469106049279,2.140839120489389,1.0
-7.898376795080139,7.810333770206896,1.0
9.150622613965037,-0.3055097199346175,0.0
-7.805030230809688,7.71673403119933,1.0
-7.203584492831709,6.470382774596061,1.0
2.7655127813379554,3.179942114846776,1.0
-8.755592002710493,1.876861755838938,1.0
0.5557871101202831,-5.216751057618973,0.0
-3.942455281793449,-8.017507147647295,0.0
-1.6289813024654833,4.008731574543491,1.0
-6.584671231400192,-2.860060931391657,0.0
1.7444617243623455,2.924389964573507,1.0
-0.3220722224525847,9.936822664294404,1.0
-3.8692734386903194,-4.480177451306792,0.0
2.4510412666744497,5.271596280059082,1.0
1.5326544880791086,6.14445646849034,1.0
8.591938643119967,1.6052191389707477,0.0
2.436560085483599,3.1320994079574476,1.0
-0.6025227812155975,0.2087059241698661,1.0
6.538678442503997,-6.501167874499753,0.0
-2.7334665972250054,7.287276893257751,1.0
6.502723117664225,9.492385873772719,1.0
5.0202858592809445,3.623691795650492,0.0
6.204739806655137,2.899662266793918,1.0
7.514178190592592,2.2981257109758886,0.0
-3.342266553830438,-2.043249966249425,0.0
8.531814978225661,3.607376913470832,0.0
5.933344365454406,-6.821824679487454,0.0
-7.683540674365017,9.584756963774748,1.0
-9.60008941952311,3.5959623143624455,1.0
-7.1757506649581355,-3.205072350047999,1.0
5.092834407752115,-4.807578598355551,0.0
6.06522713574455,2.7375902606819587,1.0
0.9346528011578918,8.219380568087153,1.0
-3.702495489807589,-7.790933597852085,0.0
6.589582695684658,-8.791130641968447,0.0
-0.49311753406220227,-9.200665031984283,0.0
-8.713485322537231,3.668450591144474,1.0
7.9368395643678085,8.589243466529044,1.0
9.902120927682894,3.270983906581309,1.0
-3.863516099886038,4.082925468675178,1.0
-6.4422479420992085,-4.651270925270823,0.0
3.4572414759015047,-0.9215622231713372,0.0
-2.909713456518073,0.7580325295334678,1.0
-2.1367022721232782,3.812588535255257,1.0
-7.474744550966943,3.0177535634207047,1.0
7.86612020074913,-6.350698738427973,0.0
-2.705568757956618,5.676308262056828,1.0
-0.707949150518818,-2.1315477785696118,0.0
4.010122240888876,-4.080773368183408,0.0
-1.2057263737366934,-3.124718098612675,0.0
9.544644276124309,-4.636690941422305,0.0
0.8548229378388363,4.867339549757741,1.0
-0.2174728992382171,0.6780649420895983,1.0
-0.9090357551039183,-4.8982108391027985,0.0
-4.476421669883594,-4.411137892037404,0.0
-0.776976509193597,5.9415061427383815,1.0
4.05028994035767,5.58870956119282,1.0
0.7042396824784767,-9.78157880992422,0.0
-9.744613813690307,-2.50182032601397,0.0
-3.173652322540277,-5.051417341472018,0.0
8.348696231936259,1.9999668878627297,0.0
-5.286944130762558,5.1786250611500755,1.0
-6.476881048705545,-7.87828916969981,0.0
-8.861106708169018,-3.6407433527427857,0.0
-0.9606418495681179,7.759834785960354,1.0
-4.533297640826683,0.864976458541145,1.0
4.080704236968053,8.596842726975943,1.0
4.788612930629608,-3.7516490617971376,0.0
-5.025872066033186,-3.3947476619531924,1.0
8.613545074161337,-1.5705001325466643,0.0
2.182813937071405,3.134635916743818,1.0
2.2340945135606045,-4.840669410214645,0.0
-3.7613817218560115,3.7960292685693595,1.0
-9.981717867695918,7.984673805916078,1.0
-7.197678542313506,-4.2907463441702465,1.0
-2.417882930703252,7.891280468449132,1.0
-6.536689991950442,-6.138614674711286,0.0
-6.379616448476197,-5.458107343050602,0.0
-3.926522046942898,5.769866940882679,1.0
5.867759449970745,-1.385913859935961,0.0
-5.314850379794809,5.508370467198024,1.0
-3.2671704533019863,3.7845222471239754,1.0
-4.895352809909861,-6.071200856300609,0.0
-4.227352507246329,-2.4712143120642427,1.0
0.8525894515243131,7.285949826206323,1.0
7.6187240172705515,4.37588972682342,0.0
-6.134776276156542,5.161232525307122,1.0
9.193256881935113,5.535342375818622,1.0
-9.01955931889056,1.0562596506901407,1.0
4.778297036425856,-5.127880211788307,0.0
-0.8247642732559246,9.651907751930441,1.0
5.016596017973544,8.274985989533857,1.0
-9.031227729890576,9.946937724285771,1.0
-2.179782230702787,8.781435722960186,1.0
4.589380696596221,-0.37679221928071627,0.0
-7.17827519274776,6.530764131256838,1.0
7.997211170385434,-7.59104215585247,0.0
-8.699829172804224,1.6388232321059188,1.0
-5.3945790232574815,8.727009321422358,1.0
2.859520445685975,-6.477444493640028,0.0
-2.678000415036932,-5.093834217316571,0.0
-3.4229753068801045,8.708477930881415,1.0
-5.262567369103186,5.366638329880862,1.0
-0.6985963599574347,-7.666703876155907,0.0
-1.822002465441182,-3.931503813410142,0.0
1.5528035131849016,6.669170822758993,1.0
-1.1912437882557843,5.380888991056876,1.0
-3.410806816830436,-2.386051310931874,0.0
-5.671519652014137,7.466731177969741,1.0
-9.665778570088001,-3.909721976514941,0.0
8.099189534100127,0.14146234501570554,0.0
-2.0697447971219223,3.092545223049786,1.0
-5.602719318874239,-7.988419321267271,0.0
1.9067766639601214,-8.911268113605322,0.0
1.9507302519062293,-4.651042574240951,0.0
8.046898303861948,-5.215885803661317,0.0
-7.174747016351195,-8.69211244244314,0.0
0.9160999166049137,-3.8249634663693666,0.0
-5.3632220959726755,6.563186652115117,1.0
-4.357326336755223,2.0380136156078876,1.0
1.05558125073909,-3.342389109347506,0.0
-7.184032348659796,-3.887501396073816,1.0
-0.049311720166148376,8.267473942618885,1.0
4.381471794345215,-5.311596098687065,0.0
-0.6395536077283008,7.693540161458685,1.0
-2.3993380930541663,-5.730370440657491,0.0
-8.45095146637961,1.3927027803563696,1.0
0.20360990007192115,1.2881548525844195,1.0
8.038127476873154,-0.40404934018695826,0.0
-8.987946816384786,-5.489140671099319,0.0
-9.510524229446485,-8.613054602646084,0.0
-8.023309623317203,1.1002917474727614,1.0
-5.4004022968391885,1.3933844504186546,1.0
8.145293493212275,5.0414713877510575,0.0
8.518274204436459,2.109255068226174,0.0
2.918236567029922,4.754496745292711,1.0
6.712671657267485,-9.423897548761737,0.0
-1.933433689980502,-4.027034637627381,0.0
2.007323678873016,2.4983880200399806,1.0
8.699022338829227,6.442032416421629,1.0
1.7253075133747018,-3.0783002779331863,0.0
1.3369919416016032,-6.585860910461165,0.0
0.4511625947357718,-5.175726600028076,0.0
-8.106960322319498,7.54204292156572,1.0
0.058451940924015844,4.924208671779773,1.0
1.6069949859855832,5.326615200885287,1.0
5.862683097028782,-5.7561665933640915,0.0
-5.9294898743110025,3.198093997551787,1.0
-9.321017154706661,-1.4735799990763017,0.0
5.645784696327398,-8.045984587354518,0.0
1.8981260078921292,7.1670027775601355,1.0
-0.7414331290431377,3.5314852906529577,1.0
-1.4177287163799068,-6.90906054933029,0.0
6.291438417166315,0.604917549126915,1.0
4.275016989900067,-7.19437157064823,0.0
9.814314114300728,9.89021428054464,1.0
8.130203206142472,3.255670702731912,0.0
7.1313299596891895,-3.4100639647337383,0.0
1.9656422111992704,5.968517232637073,1.0
-6.205216179147548,2.8246864565898466,1.0
-9.571881760533582,-8.0089830858387,0.0
-9.582900597539677,-7.256256369428198,0.0
6.392538294389357,0.03629900001960351,0.0
3.7869567532873045,-3.40882228629912,0.0
4.488403671976084,-4.530956293891808,0.0
-5.461799999780331,6.056511533780121,1.0
-8.475889579493394,4.057289643460171,1.0
0.3974028006091075,7.604442599608902,1.0
-2.0626050229210353,2.353353297185965,1.0
1.758727697475015,0.308370933584305,0.0
-9.226694079585434,7.791019596274118,1.0
4.987162326336907,4.40183144677456,0.0
4.09907711259028,-7.380049628014471,0.0
-3.123034840998125,0.15831861178981654,1.0
-6.930274690377745,-8.952192123261018,0.0
6.686363103759799,-7.002121355652426,0.0
0.3022797198687872,-8.828865927793125,0.0
-5.554063686222324,1.4879814621353482,1.0
-8.534454685507844,-7.7871304994074535,0.0
0.07373809629121908,-6.761125652876494,0.0
-5.832598537120608,-5.695909899222762,0.0
-6.955675315135526,3.5622363024371495,1.0
-2.484500932419693,0.6409889180375501,1.0
-6.689534670711068,-4.610280860031732,0.0
1.057626000541541,-7.745252597056645,0.0
-9.69358768494314,2.446890178325887,1.0
7.863046382261366,2.1121151104541447,0.0
3.7705330123039964,-9.891563637723198,0.0
-9.330648619190407,-0.2361892061737514,0.0
6.508453190539683,7.974942864317587,1.0
-0.2383805810737485,-7.461557060723932,0.0
0.32867386687207656,1.1876915998839177,1.0
4.974626746115934,-6.7425224657205955,0.0
-6.424792485269288,8.250697356558735,1.0
4.329005726515213,2.6506506735710893,0.0
-0.5901980921072685,3.222744986268113,1.0
-4.3507526187770935,-5.812769155259998,0.0
5.263297185533329,-9.384662328597912,0.0
8.004653668256413,8.023539938799718,1.0
6.306116338175514,4.7855719640367855,1.0
0.24597181751853725,-0.6208818164407948,0.0
-3.738362736593621,-1.4092266823092086,0.0
8.489052194341497,-4.812914095339071,0.0
-8.31568195768757,-1.9137164625291163,1.0
1.8403562758880092,8.697179760727096,1.0
9.713538276589144,0.5661643227843705,0.0
-1.885674775584846,6.858672277616858,1.0
4.441491245375271,5.254132737742495,1.0
-7.759753542868282,-9.850849729982784,0.0
5.065229613377467,4.196812450979435,0.0
2.6888893464613,-8.15343411501077,0.0
-0.4734957886002853,6.366103379960116,1.0
8.112566131745162,-8.23357630493642,0.0
-0.4947482009351116,-4.312779018676225,0.0
-5.602089434439101,-4.060957771841059,0.0
-0.6451795289260183,8.229502856170448,1.0
0.5182027121307868,5.806578940268796,1.0
4.232192872643392,3.031450355044731,0.0
-8.589920299772158,-1.2511754228139775,1.0
-9.30066099892983,4.8004760562852855,1.0
-3.8214273549334425,-1.670620700400109,0.0
6.200913692773401,-7.998155745257057,0.0
-0.6596956028295011,2.858863046329658,1.0
-2.7581566064459606,1.8150699076226484,1.0
9.880439449668216,-7.469795087548041,0.0
-8.901392644376644,0.593880406313172,1.0
0.5504300794899812,8.293011028779283,1.0
-7.00685548405378,5.442951313402267,1.0
-8.867181125557753,-9.960355488556305,0.0
8.561154364765486,8.76090728010632,1.0
-0.3574543125991845,6.634883468199643,1.0
3.256719159891732,-1.2095669519805412,0.0
9.964001457799206,1.9434901479194462,0.0
-0.9452273119915588,-7.437708549566326,0.0
-2.4616634023006956,5.822604200597116,1.0
8.510131520282155,-5.063683657828522,0.0
-3.5350683927066218,2.350066009110062,1.0
3.1791377257962257,4.967703550012461,1.0
-7.724614571775725,-2.951480708526235,1.0
2.235108895144773,9.52709372245836,1.0
7.658810215117903,9.677739829571237,1.0
-6.3211983601311195,5.673588114504595,1.0
8.812776656135686,5.255590747303373,1.0
-4.611601615329397,-0.7969203648823981,1.0
-4.223561987595346,-9.0850514837345,0.0
-5.9519047055780705,-8.477419057409303,0.0
5.612059759394681,9.61085486814379,1.0
1.6824114637101761,-2.643904753156776,0.0
-2.933523820394351,5.786083523965093,1.0
0.6416918998216214,9.134752083947337,1.0
-4.615413009419669,-7.151378545436497,0.0
2.5646874125578876,-3.628068891402534,0.0
9.283526204324552,-4.812882030638221,0.0
-0.7695186033108214,6.89372253084197,1.0
-8.128427533698117,-7.8605919941028946,0.0
-0.34874228911319527,2.1367238327051297,1.0
1.280981039543649,7.737863688972691,1.0
-2.3969353249273535,7.515429149608103,1.0
-6.772167843375916,-1.3021573206041417,1.0
7.097285213536274,6.281525140699113,1.0
7.980509338189421,5.558352108343506,0.0
-4.6885859679764685,5.370620766798677,1.0
7.298906741715598,-3.7718770432814663,0.0
-9.09159068156334,-6.085915080683753,0.0
-3.853107541038794,-0.8773457170071666,1.0
-8.568020171249458,-2.8037604615008194,1.0
-6.601884588034035,9.127651539951643,1.0
5.744577587824178,-0.833350045667995,0.0
8.05410695557956,-9.886225725069002,0.0
3.9911180026830806,8.971588833538487,1.0
1.8243949994872377,9.030080767740337,1.0
-0.7978970909394167,-6.129745122619246,0.0
-2.725663279215997,-8.400221914259758,0.0
-2.7894418270701244,6.827106190480052,1.0
0.6378330382718378,3.2825071518146736,1.0
-7.821612280018925,6.580480601955944,1.0
9.802853551203604,6.575760721252905,1.0
6.556844422378088,4.555645466077092,1.0
6.8917987027026655,3.8618701406747835,1.0
-7.276419926215043,6.889862221046844,1.0
-6.393142906356177,0.9021195118801231,1.0
-9.540048330486329,1.7179251948100642,1.0
4.511803181665957,-2.0422483781796537,0.0
-3.665260536135442,-8.996916735179957,0.0
-6.657850726613484,-6.7427301195610685,0.0
-5.193697957088645,6.036212271534499,1.0
6.291917627024386,-3.271925805568225,0.0
-1.9970964277143537,2.5610376288127554,1.0
-9.562745472694472,-4.704590236286695,0.0
3.429040758773265,2.0363183885902707,1.0
1.4202002364582924,7.042126456431252,1.0
-0.7624136191024817,0.3932997482505769,1.0
1.6260745365468772,-6.372328475027951,0.0
-3.622049678190466,7.86150344069657,1.0
-3.1210747202008493,3.2307733303080397,1.0
5.409569903815601,-6.332450968416714,0.0
6.045621294360949,-0.753151501807638,0.0
-4.020255729056377,8.177655096087172,1.0
1.0620192950751601,-9.580633209882235,0.0
-7.779651332879736,0.6587559997961119,1.0
3.140810639000291,5.598972273485787,1.0
9.582273362811154,-8.17509896164845,0.0
-8.679323949343187,3.661841770431952,1.0
2.6631723355636723,-9.896169894125952,0.0
-0.22090097814498577,0.7036280312468435,1.0
-8.482386141242218,7.3556364664322444,1.0
5.707202788764864,2.579626509083555,1.0
-2.71559114073402,-5.726792017789515,0.0
4.455343916659508,3.5755416545615955,0.0
-5.423525938415363,7.620783553920653,1.0
-7.811558010720443,-6.443303877262647,1.0
2.185423607469744,-8.756888079116397,0.0
3.4354822961297398,2.630648273502345,1.0
7.804789098605763,-1.7592115067118428,0.0
-0.6700306645114669,0.24271183688560072,1.0
-8.760638440077189,-9.5753129242872,0.0
0.9782092566127041,6.089705746670397,1.0
-8.06848471542705,-8.212715165483464,0.0
-5.260504820024714,2.342315476087604,1.0
-8.653404659403613,7.914413549769897,1.0
6.441532382476613,6.982553313808783,1.0
7.990932302874711,-9.740895665317144,0.0
-7.493945992509044,2.4676091292764006,1.0
-6.32193878351095,5.518616034493295,1.0
-9.4006734512846,-5.4831441088890305,0.0
2.0258391401145666,2.5350360110200487,1.0
8.767482236389469,2.3918743915383125,0.0
-4.040041875567506,8.983831837612197,1.0
-9.112834538900508,0.07993110921323066,1.0
-8.368488693288413,-1.7776935928924829,1.0
0.9479716888587024,5.138067281459936,1.0
3.754075482713281,-5.80808925635099,0.0
-6.314507168532819,-2.03718809021381,0.0
-1.666694946477076,6.635110022685428,1.0
-8.857164955717305,-8.68505779432223,0.0
-4.9013664352534985,1.7779226228126142,1.0
-2.5787382240171315,-5.006854159893712,0.0
-0.08917540592617712,-7.0760855718204985,0.0
1.413374216623147,-3.3594470571000663,0.0
5.973765110497549,7.6313763637676395,1.0
-7.056304361531622,-3.7234116422379238,0.0
-2.669251065063099,1.870943981131406,1.0
-3.900491950377618,-7.4602118802958906,0.0
-1.3042766611525707,7.286900076764013,1.0
-8.148938071891202,-2.306793589119933,1.0
8.869899208855834,-1.793795182972687,0.0
3.0129193453504133,-1.3362420111798023,0.0
-9.567377124020213,9.267295729059843,1.0
-8.068129176039886,8.432745841205694,1.0
-8.211029743163119,-5.628864077600674,1.0
3.420095806997004,-1.3879281580453942,0.0
-4.554762922517259,-7.481697639263314,0.0
6.651493246846449,5.125118673685186,1.0
1.2320497475675332,-1.3771566158082376,0.0
7.753419946944927,1.4537899634672176,0.0
4.277329009546797,7.9383997932617305,1.0
0.526803467712412,3.4339058696855496,1.0
4.22625651386827,7.158152182268083,1.0
8.44402796517204,2.194048509985592,0.0
-8.482457826390137,-4.228774508464975,1.0
-4.314283368590979,3.663065599301106,1.0
-2.2371511289706607,9.650951941540352,1.0
4.453464576916257,-6.504879936146004,0.0
6.636360654828916,-7.879053163503014,0.0
-7.210409467713479,0.04997251710944006,1.0
-1.3495776791599035,-4.051559606548727,0.0
-9.676358482896406,-4.951499030693776,0.0
-6.731207685892818,6.546884672732972,1.0
-9.059550941494077,-0.19352311787183396,1.0
-9.027985907998556,-4.150523552568421,0.0
2.5311148341343532,5.399459997983747,1.0
-8.563528163083031,9.629318796840241,1.0
9.394209626235629,-2.7302889928382807,0.0
-7.2741726484620735,9.12947987369143,1.0
-3.210998585212959,1.4408580316819393,1.0
8.479534110091471,3.7471388135803974,0.0
4.592884190466499,5.87120593448838,1.0
9.344483838755696,1.79778481526556,1.0
-1.0352778617116787,7.796669344626153,1.0
-3.752125580378256,4.651582709408338,1.0
1.2325082484165062,7.805248532127507,1.0
-2.1856768297754314,-8.46887676500719,0.0
8.281180328642588,-2.7102377146605967,0.0
3.283555774151557,3.914505045909827,1.0
-4.7631522367787715,6.98240148960625,1.0
-3.8536654848676166,-8.656083100963826,0.0
-8.675843252896339,-8.181895034578075,0.0
-7.749263583560257,0.20690776575959013,1.0
8.958945604491895,7.951544956528338,1.0
2.3909161762249465,-4.066773663125609,0.0
-5.589246133224377,2.609307591958082,1.0
-4.15086262982163,7.890335959649196,1.0
1.9300765702815799,8.03673574578912,1.0
1.6104508717405395,-5.329886683277518,0.0
-8.871591269068093,5.540379519434982,1.0
5.661858512213909,-2.2780385689215343,0.0
4.719129211335423,-1.2901656622263413,0.0
6.757803313945342,0.8590189840251821,0.0
-1.2100340933582707,6.485658151404998,1.0
6.926009472030344,-4.298697977800659,0.0
7.744040684278268,-0.990361289816498,0.0
-0.7148655920240099,-7.8331529482685935,0.0
3.8935133784640037,7.8387492838259405,1.0
-5.940791974192963,3.0982791922853465,1.0
3.938566290851462,4.8432519144419945,1.0
-1.3040219136922904,6.88349283149266,1.0
-5.42114654778727,-3.3011545896048293,0.0
3.4367651617651322,0.13076055703186285,0.0
-0.498623616525137,0.8715280326246333,1.0
1.4195682882023952,-2.428518030585338,0.0
1.8263512104562771,-7.362302028362668,0.0
2.018089801052618,-8.582679890923394,0.0
2.5691711242237893,1.472832146136902,1.0
-0.5214562727572609,-7.6423300573231545,0.0
5.472858760236923,0.17978637003470155,0.0
-7.318364217224731,3.138381527506633,1.0
-5.383104595855377,3.6269980093141747,1.0
-7.220146117958759,-5.99547843141536,0.0
-0.49750167138948953,9.587026247401582,1.0
-7.748558834018255,7.153750757163394,1.0
1.0808757393388824,-4.2116265428141535,0.0
8.777989545799251,4.902121661556773,1.0
-0.9188722756366943,1.8447726833944529,1.0
4.613463991367029,5.432107255700721,1.0
6.747169456758574,-6.289506041863813,0.0
4.776068894486292,-7.7442153530155045,0.0
9.469760942873592,-5.135689142293121,0.0
-7.328555241193784,5.253514473137422,1.0
2.259749682053309,8.11544597795477,1.0
-5.897723983689422,-7.53413251867264,0.0
-8.562210449993646,-4.578291268467407,1.0
4.811913211329355,-3.490512451556402,0.0
-0.16690690966737165,2.499894753842053,1.0
-3.0494653354386703,-5.432929146077212,0.0
3.871866197639001,1.9152764561112061,1.0
1.7981297326308,-3.0901198580031775,0.0
-8.90557631527688,2.927429875546835,1.0
2.1112886756760005,-9.614288378027414,0.0
-1.1883839200048723,-8.103963160449094,0.0
4.474209520143146,8.279587329877195,1.0
7.6418781198179,7.325736927071034,1.0
-4.869438023987287,-8.747109079758149,0.0
5.759075507255076,-2.409746035088136,0.0
8.917584324462055,9.949717607260638,1.0
-8.939235958114953,-6.874503909186678,0.0
0.7393917426801941,1.25010243864973,1.0
-0.8667050741253934,-9.831597001800459,0.0
-3.4970365317767076,9.48682642407934,1.0
-3.7759655391648366,5.582698433328959,1.0
-6.839270497297651,-4.189731656161766,0.0
-8.577960899651567,-4.1111891769828794,1.0
-3.5610782743364915,-5.409791262369541,0.0
0.6143913668123879,-3.34641684244557,0.0
0.4347897168391093,2.9010320859023118,1.0
1.690277428918737,3.6309157552274236,1.0
-5.925611129529413,-4.379919276007202,0.0
-7.4459584255710665,5.7528450530374045,1.0
0.9007855093366697,0.9501018721879522,1.0
-6.093429499733654,-4.649181639867428,0.0
-3.483596641907168,9.701234728175464,1.0
0.2769767255375939,-8.286890619845886,0.0
-6.805412235298265,-0.06241782805904528,1.0
0.8885416545811609,1.7077399583427582,1.0
-3.5433256310886545,6.826214721643989,1.0
-8.401461203347019,4.916608173978176,1.0
-3.9637909483505984,1.550910472814115,1.0
-2.3790538276192557,-5.700933848329077,0.0
6.257758055075133,-3.2671892622037806,0.0
7.369797075269197,2.12891419658793,0.0
1.1259212245284385,7.091351895634759,1.0
-5.146964743265623,-5.991664846081212,0.0
-0.41844713206781137,-2.540236004265928,0.0
5.818450766068317,6.950823036920394,1.0
8.197153453958439,-7.947557258197899,0.0
3.499859390599017,-7.773660535414022,0.0
3.9310469527259215,5.797465312293944,1.0
-6.62468605485989,2.55116568706962,1.0
-4.7184465756781595,-4.544240349820665,1.0
4.78839304303362,4.559720180025389,0.0
-3.4738094318251704,2.7039807072844155,1.0
5.152007151813965,0.7506297141100866,0.0
7.923983670864697,-7.201347757436444,0.0
5.547898621443636,-4.4760252962406755,0.0
-0.6109985802262745,-6.065466164910198,0.0
-9.980210624728194,7.95272036596948,1.0
-9.316157532939544,-3.6268972953209078,0.0
-1.609754386639338,-5.501832820256758,0.0
-7.010780871891904,-0.5029067046398126,1.0
-0.6246387968719862,-1.941038073278584,0.0
7.738924565687164,-4.512219795381429,0.0
9.37815388497549,2.6033443981335687,1.0
-7.129579694869328,-6.828497281374288,0.0
-4.660983286521805,7.309193762436564,1.0
-4.72386396195374,-7.213471136537519,0.0
-5.528469791973403,-7.5667508941418244,0.0
-1.558172438662817,-9.262518954600274,0.0
-7.4805073927785415,9.100368481638863,1.0
5.765058591233984,5.338222870136285,1.0
-3.3577923544347836,8.307416446169789,1.0
5.9679777270203935,-0.6782557324181759,0.0
7.752516627851794,-2.1901470829615803,0.0
3.525676891850173,-4.0795299522201205,0.0
9.225308078695758,-5.39410005085225,0.0
2.844148332427597,2.4910421835555496,1.0
2.005995797142429,-5.496677496273284,0.0
-3.3159491470300413,-6.403776085302679,0.0
6.216713616112941,1.9290625667756238,1.0
-0.2084941966748577,0.8198224362771818,1.0
4.913797505799742,-8.949349495776984,0.0
8.662946965759865,9.441869149569026,1.0
6.895517714844068,7.013490177529125,1.0
0.7834710126070483,-9.480918925033938,0.0
7.451623942423037,-9.060891066435374,0.0
6.1843050960753345,-9.413931263687797,0.0
-6.825991773109692,-6.0874094205395295,0.0
-3.605775598748613,1.107433082798881,1.0
-8.918899045565613,8.947683221012372,1.0
1.8304327655752282,-9.789016569549553,0.0
6.951538617780095,0.24701408770905076,0.0
-0.09924541720316604,7.12569721123694,1.0
-5.623109703807378,7.001706748964143,1.0
2.1408576146162837,4.730302590168215,1.0
-3.4305504128270004,2.896314435850659,1.0
-9.32983720148833,-6.598462094106408,0.0
3.9368785119515515,-5.981094469146406,0.0
-4.587721349110185,8.712613734903908,1.0
6.539362172030788,-5.318022900488666,0.0
2.8714590356887015,-1.8174719946766977,0.0
-6.506248646465953,2.9043816722249627,1.0
-0.7393078651527674,-8.609437503081,0.0
6.612602311692164,-1.0979534142688365,0.0
-1.8222507716718752,9.944495160901678,1.0
-6.530581375789952,-1.4199780711830083,0.0
-4.269427749293763,9.01140806696542,1.0
-3.6565017420333623,-5.644975406915817,0.0
7.687046688314801,-5.7397978556123235,0.0
4.65480540172355,-5.60524260682069,0.0
0.5700573302881011,9.561443306042918,1.0
-1.3472353953599239,5.955817544171374,1.0
5.972413660602475,5.540872333149139,1.0
7.071492230243781,6.830954831216115,1.0
-4.055105066714157,-3.8307274780251666,0.0
5.596462513799128,-7.606839133959264,0.0
1.4036009992662706,2.623101734828875,1.0
-2.3196862540409118,9.435371688590653,1.0
7.096688681441126,-6.185626232885211,0.0
4.645489259382899,6.933705470898225,1.0
-1.8239195434608604,8.17118496273116,1.0
8.400668234126702,6.374677839682974,1.0
7.654339233955504,0.9707604130563432,0.0
-9.847847076286433,4.21510719440108,1.0
4.216956856446332,-0.2724713939997674,0.0
7.902918399551837,5.284939324964139,0.0
-2.5699073831452113,-7.797507805794337,0.0
-0.9581900056506161,5.896639374687183,1.0
5.210091993559647,6.245280783587017,1.0
2.2914966219561688,-7.307535048104368,0.0
-3.968194533915364,-5.508012287904707,0.0
-4.947252844931052,-3.5147042774449178,1.0
7.690366192209861,-0.1672394866575715,0.0
2.4799386999005613,9.377794822072467,1.0
4.318413880872329,-0.055478112780079414,0.0
5.278055423288691,-8.155003586558177,0.0
-8.628261308323088,-4.053136897361778,1.0
3.094972467441707,4.786648098498203,1.0
6.4919479856969,9.808675316916219,1.0
-9.06276269716276,5.030660564953951,1.0
-8.169921503058479,2.599515196863946,1.0
-1.7930652096916546,-7.14125116057194,0.0
4.8652602234093685,-4.2598984207455715,0.0
-9.171892776268095,5.9011605643868155,1.0
9.994009528572036,-3.0032444792481723,0.0
0.37042440905861795,7.478976590442091,1.0
9.883139893797967,0.10820014317749838,0.0
0.7703891556797693,3.429822674086285,1.0
-0.7324933650570422,-7.952289794071943,0.0
3.861083715556404,8.569370355575224,1.0
-8.928166533268483,6.1416002377447505,1.0
5.157695146670074,-4.254800230590843,0.0
-4.626236628766005,-5.056717068667962,0.0
0.38434511911266966,6.438444503482824,1.0
-5.21216931913568,-0.5016492143300493,1.0
-0.11212389282460578,3.8612117917891986,1.0
6.477101472409895,8.474408546077726,1.0
-6.9529427972791025,9.048953776562424,1.0
7.766376536410679,1.9021524502148566,0.0
-1.047730781783871,7.887317569841709,1.0
2.7037036827974923,-2.862216218757176,0.0
-7.524307903939203,-1.2552967956140257,1.0
-6.240717770436726,-0.5889231914229853,0.0
2.566384322543227,2.050268796697619,1.0
8.379793885247128,-3.28878316968712,0.0
5.7102204735751965,-1.1714743618055028,0.0
9.031492341089798,4.5577611576854355,1.0
8.980967753207935,8.680157546336602,1.0
5.891379973599824,4.295702534299501,1.0
-0.14064379905901525,-6.468838794140499,0.0
-2.8296929790428615,-1.3808185875281431,0.0
5.5868016290659455,-9.13216477745068,0.0
0.013770953928657903,7.481499840845448,1.0
8.385423346700609,-7.583224407604574,0.0
4.812114189397395,2.1511042391933692,0.0
-8.649831727707015,9.613048913250765,1.0
2.5055947449306863,5.959495377966045,1.0
-6.236083967286041,-8.515922066317458,0.0
5.859603363662359,4.13669807011652,1.0
7.319994894700862,7.114551432122685,1.0
-0.8935421472604776,-5.412434265269621,0.0
4.793373474541511,0.9218033489614736,0.0
8.27393925863548,-5.348934295947023,0.0
-6.606841486267756,3.9993348269612703,1.0
-6.0850192532097624,-2.919080033613013,0.0
-9.781675445246886,0.4133134414989481,1.0
6.048779935596961,-9.571415615818065,0.0
-1.8202855567224123,-1.5249745299793567,1.0
6.571352327836365,3.7815483030044117,1.0
3.8771414392078807,-2.7758215470800707,0.0
9.17657385064971,7.267495308970766,1.0
-3.1095709089291397,-6.20034721787291,0.0
0.3125539312638974,3.3030623392875,1.0
4.7877947304116795,2.8288132298411455,0.0
2.6554170690194177,8.47125528749175,1.0
-2.5875192255511648,0.40839080571662123,1.0
-2.0299865319373644,-6.358993162970039,0.0
9.479150847441264,-8.681396508891845,0.0
9.032001049025617,-8.299831124767461,0.0
-1.0782257884667175,4.042718460260781,1.0
9.862583248562242,2.5184487902660653,1.0
-6.17540093700608,0.3503346583626694,1.0
-6.639523798744276,-8.623800784370344,0.0
5.995034804924783,5.326080383100962,1.0
-0.286670005838058,-0.8084542116240012,0.0
-4.518323640861186,-4.932882347506087,0.0
1.8804715500616158,0.20703509562124012,0.0
6.731290947623954,2.6305040939103925,1.0
-1.743429966513073,8.373662557912063,1.0
9.086232450840036,2.7956550583394986,1.0
-5.549146571881072,-7.239175375845878,0.0
-4.236885354936009,5.789241010877209,1.0
-5.443031877443589,6.518616379979601,1.0
2.490612213483976,7.428646303098393,1.0
3.9235902999967216,2.582313879343591,1.0
-2.982746577333339,0.6685638529531541,1.0
2.5659725073854585,-7.723026319606436,0.0
0.21703279695150002,8.221154948646475,1.0
3.7048804570770315,1.372863630067485,1.0
-8.2592253384877,-3.9654918930355665,1.0
2.935456261600226,-4.244271943217905,0.0
-6.513922446557623,9.090897538948465,1.0
-8.510739524366768,3.40676592698356,1.0
8.607604884590554,-6.398881253722992,0.0
8.21943900618139,-0.04314474823708103,0.0
1.6536034636475332,-6.449733544975675,0.0
-3.512342476376242,2.1986117407374106,1.0
2.7522120794414047,3.2532503286500827,1.0
-1.9719349612155295,3.984695738962813,1.0
8.377460964553656,-7.646538241162217,0.0
-6.911437472016287,6.015946535444506,1.0
6.710303071612891,-9.104996454990985,0.0
1.5538919229863897,-0.26667673471739306,0.0
8.579568389473572,-2.304864766097552,0.0
8.80830915881435,-5.372205316062231,0.0
7.087480554494864,2.9176375289924117,0.0
-9.812351327181922,8.05421624607957,1.0
8.135674803492751,6.82511106139167,0.0
9.644561233181772,-0.6392276126006919,0.0
-2.3403280123875936,4.148449082762031,1.0
-6.551485843944929,-6.65605563562369,0.0
2.977331860080808,-1.8294033435695862,0.0
-2.3097976466552357,-8.730950615253468,0.0
5.271566285873316,8.668690973127173,1.0
-0.5419582091034201,-6.042581306343349,0.0
9.825656884498663,-7.6146918605855785,0.0
-3.886276026521256,5.483731286358022,1.0
-1.238945219819163,7.942226624066908,1.0
-5.784676646667737,-7.643287798010228,0.0
-3.8063738699941574,6.637022987382142,1.0
1.1688795925722673,9.375420392554936,1.0
-8.224739733852145,-7.10696062901329,1.0
2.4232436914211597,-8.700993059275326,0.0
9.971401210938271,0.28569928491256036,0.0
-6.151024358054748,-6.466593269963175,0.0
2.328499293896005,-3.0754746661936245,0.0
8.923958611544837,-2.246483375246471,0.0
-0.9215168146350656,8.641859228739392,1.0
2.2524580883226957,9.619852605340114,1.0
-9.00627687537748,5.472626458707472,1.0
-7.577494123139072,8.428458055450854,1.0
9.24490291931751,3.426648253740982,1.0
-9.829371704922051,9.88344123650219,1.0
-2.9287333865368526,6.360861278434275,1.0
4.51227746308609,-9.80011761897057,0.0
1.3783091135612118,-3.5686345606487464,0.0
6.6756716318599985,8.273796151996045,1.0
-4.606214324052407,-6.112855824138206,0.0
-5.644787883847013,-0.16662297146506688,1.0
3.676928254011816,-7.263157961868263,0.0
0.8775377851090038,-4.791810646838974,0.0
2.5836886233973004,-9.909224608529644,0.0
-0.4912028270970854,9.820589085415097,1.0
-0.7877678044366228,-9.757647403774442,0.0
5.256818544156987,1.7758669713109203,0.0
-9.368234317484912,6.372395094126119,1.0
-3.1358606778292897,3.1286858357661806,1.0
-6.897403118451784,-6.734385806995173,0.0
-5.185358644830638,-4.2033181970447036,0.0
-7.824968655824636,8.672187775897772,1.0
5.164040281571944,-9.821465335853707,0.0
1.636341854412704,1.9091715229592037,1.0
-9.482839999763446,7.422536053087914,1.0
5.798576071606725,-7.099787222593699,0.0
-1.1968961671776395,-7.830111510896341,0.0
6.724526617576846,5.048416665609217,1.0
6.493061293675851,7.083973606822141,1.0
3.162968672935836,1.962928525009195,1.0
6.088924966309854,5.358247207779543,1.0
9.556071489390295,3.4069633209958656,1.0
-5.775117209635434,2.7393523929475805,1.0
0.5952772712901933,5.043522900633409,1.0
-5.192472687982268,-1.3176627411277515,1.0
8.987594547813103,3.2763276351728514,1.0
5.824857009450273,0.1872580178985661,0.0
8.764140927528782,9.633306367858147,1.0
6.049723722221678,7.785484089464507,1.0
6.194177855307302,6.112806505767569,1.0
-0.26003090394388195,9.75574364687954,1.0
-6.939940796007688,-8.221282165169104,0.0
1.6419887443217718,0.7844046774295599,0.0
-2.7889684369223495,5.491952773635248,1.0
-9.405364007720106,-7.889018567832715,0.0
7.082026602572288,0.8346247938826874,0.0
-4.678788761322399,2.851655610605693,1.0
1.586630892172657,-3.489465481531262,0.0
-9.005960162111776,4.30156722061443,1.0
6.376352551475744,-6.899893043751626,0.0
1.201362918979358,-4.991463757957126,0.0
-6.158226546505858,6.568166443439299,1.0
9.783954772844634,0.15410457650241227,0.0
-1.0157458329715823,0.0990990373184868,1.0
1.1508477952973983,-7.701880145573039,0.0
-0.23812857243298247,-5.435081006359866,0.0
6.375321857946204,-2.8568531691141397,0.0
8.656193013243882,-7.992637869318031,0.0
-0.44843438979281913,3.1244113875431996,1.0
6.517468271184487,4.1613569129741705,1.0
1.154147848082804,0.7756446560244985,0.0
-3.0032999035691565,-6.021996342598692,0.0
4.7029849907122205,6.9617635824293735,1.0
9.741083330737318,-3.1482894687163476,0.0
-1.8162190252284844,-3.6572055073364744,0.0
3.6507363816598133,6.764216275069867,1.0
-8.048775122711175,7.339341321705216,1.0
9.764197326044727,7.3893223429035935,1.0
1.9577641858601087,1.8230427545759724,1.0
7.938265210600143,-4.949268017981392,0.0
1.4532109639785418,-2.766922449762072,0.0
-0.7101188162192038,3.8557714739051203,1.0
7.080246053247173,-5.948341265530184,0.0
6.960274014687972,-6.6970257681834156,0.0
5.807143104560126,-6.340544592094021,0.0
0.5957080081344763,5.04973878198663,1.0
2.2376061954637656,-0.013563654483288445,0.0
3.420259748761076,-8.51810536131949,0.0
3.735066838468775,2.35426378632342,1.0
-6.170511407941297,-7.619497054071045,0.0
4.51224051984047,0.8875886870382352,0.0
-1.0879886475340825,-8.682944629620469,0.0
0.7644768362523369,-8.210956724651277,0.0
5.428734040879435,1.7000195773219282,0.0
-4.210542557826047,7.0157187743152924,1.0
4.4422224046252765,4.317205017341919,1.0
9.9411160974288,1.6446566071777102,0.0
4.043638977274355,-9.554609902379518,0.0
-2.7885571796052,-4.122821879523791,0.0
-0.4773626769785153,4.022605236099546,1.0
-9.829767376132532,-2.6894412477625114,0.0
9.801757611609606,-1.9205666406636883,0.0
-8.449498094982161,-1.2296783147718813,1.0
9.743434856498613,-6.309057513732091,0.0
1.589522613783176,5.000776081899474,1.0
-7.91836350616266,-1.3822665564348888,1.0
4.372472665922377,2.271993036139028,0.0
5.3483221660488915,-9.631984211076679,0.0
-6.519180451161885,-2.3074794175468893,0.0
-6.660335722249213,4.303402839976373,1.0
5.690022550267207,-9.248501733655402,0.0
0.8703615021423499,8.405178805437735,1.0
-2.5249689636749846,-8.054447929665178,0.0
2.121577825382005,-0.8609087100177693,0.0
-1.0493722418093476,7.716700121010195,1.0
3.386119497313924,-9.318306410597064,0.0
7.960047386000824,1.3916848826916315,0.0
0.20743013489903994,-5.894155646296437,0.0
-2.7424745182850803,-5.418430327093963,0.0
-6.684128026960547,0.9311239032948464,1.0
-5.762890443770199,-0.7369657314646894,1.0
-7.0093419830326,-8.824278516460504,0.0
-0.14313967815932926,3.657652990967865,1.0
9.808907435267166,0.7459548619790013,0.0
-9.820800246188812,2.435008688360634,1.0
3.063366416501168,7.520920864241955,1.0
0.584259975134751,5.787023064404444,1.0
9.975456474205096,8.272655135180539,1.0
1.848473678172038,2.3354208426306684,1.0
-1.7505344125405458,-4.515660952574008,0.0
-7.886573754929294,-6.036064146500593,1.0
-2.2768790382251876,-2.099006307005908,0.0
-9.342015264929902,5.552690115002019,1.0
-5.938972698273317,-8.743119859715097,0.0
3.8401427159358192,-3.1919904950611038,0.0
6.324880184998744,-4.763790590177379,0.0
1.3374676055079426,-6.801264780795416,0.0
4.963930347109574,4.360707238628976,0.0
4.586668088529569,-7.25795293803706,0.0
4.409324100648986,-9.130547551905837,0.0
5.611811306057424,-4.075575847113678,0.0
-2.2316345067283354,0.4751711124228226,1.0
8.859650141195278,-7.925282598643353,0.0
-8.285878393946573,8.13121555893862,1.0
-4.76292597166617,2.537884136856249,1.0
0.35712291519393524,-4.575692987520801,0.0
5.349627279583613,-1.4632360635138006,0.0
-7.587739777003131,-6.9639143245394735,1.0
-1.5972152150391832,-3.1163184309830054,0.0
4.068244195785713,2.49758991671756,0.0
4.052420374348998,0.641943186200848,0.0
9.68421986122642,1.8519042659216254,1.0
6.135917732526675,-7.844333245322776,0.0
2.539201087918654,-6.8076645549269905,0.0
-6.926170846970674,-3.5311123729686607,0.0
-0.23708368662087054,2.963262458230375,1.0
4.611133596370717,3.38800741512571,0.0
0.8869171571593721,6.956520818572454,1.0
-3.39687796204319,5.2672521227179185,1.0
1.6354363763578306,-0.07540168337508746,0.0
-2.3284442562617773,-6.775284411804279,0.0
1.2176337647681557,5.899986760923568,1.0
1.5900300146698516,4.303818693099322,1.0
-5.813914015955186,-9.383931343986431,0.0
-2.2992565522689485,-2.546805953081832,0.0
4.282300320354057,-9.522215266737813,0.0
-6.875198908739799,4.991046964462269,1.0
2.996295408500222,-9.260125853895367,0.0
2.3886854088220524,-8.237312931957128,0.0
0.3268205433213005,1.0862758964097452,1.0
-1.8973374165282948,-5.226531708196688,0.0
-6.247604291308939,2.828401980733517,1.0
-3.3511729433707016,-8.2483547004084,0.0
-4.247359537968265,4.740005852911768,1.0
4.248791148347028,-4.652500575222294,0.0
5.638885574284167,-0.6894852343692914,0.0
-6.877403388840381,-8.740776856814534,0.0
8.697377174843297,4.986732832951056,1.0
-4.532340137304514,8.80950979869419,1.0
8.538928850744774,8.439630298258983,1.0
8.870411063178992,4.820850041930715,1.0
-9.913919746724968,-5.259138213110441,0.0
6.518245486591187,-1.4632252835663877,0.0
-4.771172018332397,-4.123971903194201,1.0
-8.580766328920502,-1.1191422346569109,1.0
6.311285389745656,2.9556435879235483,1.0
2.892048184237945,-2.004758788835261,0.0
6.245518292717488,9.238639879759162,1.0
-8.358502749433296,7.3358805851438795,1.0
-6.403382110226126,8.72835179426728,1.0
-9.005908716610143,-0.2591170945763466,1.0
-3.4838104369654594,5.880719794134519,1.0
7.023568616901255,-4.619347509462354,0.0
9.157627919905977,6.917945377697254,1.0
-2.9845165583851063,-9.674247413055426,0.0
5.714584117345996,-7.914246645461967,0.0
0.6075836089376132,-2.1765586204718606,0.0
3.288354379284833,-4.375508296263899,0.0
-8.091181070846257,-5.97200835393018,1.0
9.11187540366996,-5.007107340997578,0.0
-1.3479150836128042,3.191352605723157,1.0
-7.185445749925947,-0.9689969386030839,1.0
-0.8494533009802083,-7.657636913838138,0.0
5.354037930087273,-1.0060461638226954,0.0
-0.13218629381175973,3.3860032950150902,1.0
-3.879444393325448,1.790499237800745,1.0
-8.66070844537387,7.584862432460085,1.0
-0.9052201439667442,-7.750879295923509,0.0
0.9798051516130908,-7.706346302996854,0.0
8.296740851009051,-7.042022567221798,0.0
-2.512291654560679,7.532723639227797,1.0
-8.936684666246448,-9.91111665037481,0.0
-1.7121903528770588,8.780616113051806,1.0
-5.187185738475302,8.929105154436165,1.0
4.346598151693923,3.3165068564082585,0.0
-9.499565653090663,-1.5815721905895828,0.0
-3.2859033817340944,-6.254840358735829,0.0
5.730062346213147,-2.309845227796947,0.0
5.763502745996263,-4.393940974189103,0.0
4.643917657705025,7.54576076983923,1.0
-7.227230707710646,9.340092125059698,1.0
3.9872599979932843,-9.014278372417772,0.0
1.5721225115990975,-4.995079320279919,0.0
9.468516834324507,4.214645679075126,1.0
1.527998258898279,9.316046571712008,1.0
8.203423474786057,-3.650307080754236,0.0
2.9815748201627734,0.7693697469014502,1.0
9.785725874870831,-8.375769936338731,0.0
0.7598242443686214,-5.023848659142769,0.0
8.381798952868571,8.84541173215306,1.0
6.930819461473522,0.09751999801492062,0.0
-1.8544612394997362,2.2313448773359355,1.0
-1.6703882273158221,7.6227886234486135,1.0
-6.322620256219054,1.6013223086917527,1.0
-3.4245094702389185,-8.039424329432146,0.0
7.082828805315753,-1.914598880122945,0.0
1.6637127194787364,-3.4456002270775477,0.0
-3.836140897289706,0.625839331442803,1.0
-5.4002182589845855,7.094223164708961,1.0
8.657028790736526,1.913303982995739,0.0
6.101138241546927,7.5822413120845376,1.0
-5.693902034126605,-2.892595827825981,0.0
-5.590729867521944,6.635332289021974,1.0
6.366834168989776,8.208996301660132,1.0
-9.821183372235257,-9.24808351778565,0.0
3.6715656114514967,-9.555723947323848,0.0
-6.003338267777696,-8.808669506350032,0.0
-3.109551010326765,2.9390974276789663,1.0
-1.8562741932320534,4.446493659908766,1.0
2.185794938105122,8.66604588634807,1.0
-7.359977395295989,8.790595612775501,1.0
3.6779187622976455,-9.910389010943737,0.0
3.8201944553659484,6.064847721576868,1.0
-5.288899076308066,-4.062547198066532,0.0
7.5224504838736515,8.368144786300963,1.0
1.0207951816351049,0.8765492378172794,1.0
8.27960720952646,-0.18825236833800219,0.0
4.963110053706716,-9.854189004004931,0.0
8.601002620746417,3.7879024491193753,0.0
-2.6855997685949173,-9.802369989754652,0.0
-7.63840478092493,-4.17130687103765,1.0
-3.1211037770195693,-4.067088924482578,0.0
0.3935288141214617,5.030426444277662,1.0
-3.9705104203981474,-9.722454623977079,0.0
2.9289517565208207,9.344797956827545,1.0
-2.295045989678024,0.06874545864455861,1.0
-7.077753337819319,4.450565905804877,1.0
4.714039135938897,-1.1884338758745479,0.0
-0.890817974367824,-2.1151632215751315,0.0
-9.557104735883692,8.460982157571486,1.0
-5.886868783851651,0.5204985585604724,1.0
-2.75574501453399,-3.276191699436759,0.0
1.2974825696783583,-7.376644998916406,0.0
0.6160580864795069,-7.990237249895927,0.0
5.906971667132288,-9.460404979294738,0.0
-0.17358065591206895,9.911785422771572,1.0
4.515031892487698,-5.1442870132766245,0.0
0.8763921054120374,1.6118826815866871,1.0
2.4854813738201464,-3.1678634296362684,0.0
-9.533880260520995,1.8275847690792553,1.0
1.1045496697351158,3.1684377735329594,1.0
-7.693437439861006,3.4599050405158422,1.0
-5.129612619098229,1.5078522306790667,1.0
-7.0026100787225705,8.503379080760062,1.0
3.5151141164072364,-7.948440356836731,0.0
7.9136129918524425,-2.566762398355669,0.0
4.827184607629494,1.6943260289145528,0.0
2.7361450736897694,-2.8494238799334015,0.0
-4.666341126000322,5.485760324793716,1.0
2.6946250337021365,1.4645734144481022,1.0
4.011387240350954,9.970721931472756,1.0
9.629976416364663,9.277883962538368,1.0
7.442423839730271,2.1872173616228494,0.0
5.998845647237953,5.03803431477699,1.0
-7.273702988095996,-9.736444428060677,0.0
9.721257343968691,7.745613554931001,1.0
-5.442013979553306,-2.092474176247716,1.0
9.672142239552642,5.941991335510437,1.0
6.035748754558892,0.3746320974734818,1.0
2.0856298150233155,-7.126719280951459,0.0
0.06850248043136276,-1.0463707049405073,0.0
2.046981405204189,1.454135687984607,0.0
8.198377782805348,-8.172031428107822,0.0
8.81781143798149,5.532796777237603,1.0
-4.882071431242736,-0.9966412732648777,1.0
-8.161847012836557,-1.6148721133077615,1.0
-7.616645323437226,-3.932210021447178,1.0
7.94060247208575,-1.0228493224700568,0.0
5.899316658544079,-1.3328478471432348,0.0
2.6174900889788866,1.1879376235921626,1.0
-9.634622963807196,1.8758580700000032,1.0
8.580134788094142,6.738913960488535,1.0
5.587188810546609,-3.5512004082858306,0.0
-7.527491739604946,2.501678722664984,1.0
-2.394476155815415,3.690436533134722,1.0
1.1895921995957117,8.602661842136754,1.0
-4.38307394297794,-3.3993679560700985,1.0
-4.26395159821751,5.6809004564224495,1.0
0.6743040569421908,3.5813613258619093,1.0
5.606324954838119,8.933832792015494,1.0
3.520550762417983,-7.210919650229717,0.0
8.648957107163032,5.610535044695432,1.0
-2.91723116788474,5.150312062091958,1.0
-7.368078221141319,-1.3413553552229711,1.0
-5.086188010428668,5.112947165782412,1.0
-6.2255560400798,4.007735982383419,1.0
-1.551676803660051,0.9922199022509304,1.0
-9.967487835464791,7.987312554765005,1.0
9.219501239054448,-9.50072333350423,0.0
